Locuteur,un,un,un,deux,deux,deux,trois,trois,trois,quatre,quatre,quatre,cinq,cinq,cinq,grand,grand,grand,long,long,long,large,large,large,épais,épais,épais,lourd,lourd,lourd,petit,petit,petit,court,court,court,étroit,étroit,étroit,mince,mince,mince,femme,femme,femme,homme,homme,homme,personne,personne,personne,enfant,enfant,enfant,épouse,épouse,épouse,mari,mari,mari,mère,mère,mère,père,père,père,animal,animal,animal,poisson,poisson,poisson,oiseau,oiseau,oiseau,chien,chien,chien,pou,pou,pou,papillon,papillon,papillon,serpent,serpent,serpent,ver,ver,ver,arbre,arbre,arbre,forêt,forêt,forêt,bâton,bâton,bâton,fruit,fruit,fruit,graine,graine,graine,feuille,feuille,feuille,racine,racine,racine,écorce,écorce,écorce,fleur,fleur,fleur,herbe,herbe,herbe,corde,corde,corde,peau,peau,peau,viande,viande,viande,sang,sang,sang,os,os,os,graisse,graisse,graisse,œuf,œuf,œuf,corne,corne,corne,queue,queue,queue,plume,plume,plume,cheveux,cheveux,cheveux,tête,tête,tête,oreille,oreille,oreille,œil,œil,œil,nez,nez,nez,bouche,bouche,bouche,dent,dent,dent,langue,langue,langue,ongle,ongle,ongle,jambe,jambe,jambe,genou,genou,genou,main,main,main,aile,aile,aile,ventre,ventre,ventre,cou,cou,cou,dos,dos,dos,sein,sein,sein,cœur,cœur,cœur,foie,foie,foie,boire,boire,boire,manger,manger,manger,mordre,mordre,mordre,sucer,sucer,sucer,cracher,cracher,cracher,souffler,souffler,souffler,respirer,respirer,respirer,rire,rire,rire,voir,voir,voir,entendre,entendre,entendre,savoir,savoir,savoir,penser,penser,penser,sentir,sentir,sentir,craindre,craindre,craindre,dormir,dormir,dormir,vivre,vivre,vivre,mourir,mourir,mourir,tuer,tuer,tuer,lutter,lutter,lutter,chasser,chasser,chasser,frapper,frapper,frapper,couper,couper,couper,pousser,pousser,pousser,griffer,griffer,griffer,creuser,creuser,creuser,nager,nager,nager,voler,voler,voler,aller,aller,aller,arriver,arriver,arriver,être allongé,être allongé,être allongé,être assis,être assis,être assis,être debout,être debout,être debout,tourner,tourner,tourner,tomber,tomber,tomber,donner,donner,donner,tenir,tenir,tenir,serrer,serrer,serrer,laver,laver,laver,essuyer,essuyer,essuyer,tendre,tendre,tendre,jeter,jeter,jeter,lier,lier,lier,coudre,coudre,coudre,parler,parler,parler,chanter,chanter,chanter,jouer,jouer,jouer,geler,geler,geler,soleil,soleil,soleil,lune,lune,lune,étoile,étoile,étoile,eau,eau,eau,pluie,pluie,pluie,rivière,rivière,rivière,lac,lac,lac,mer,mer,mer,sel,sel,sel,pierre,pierre,pierre,sable,sable,sable,poussière,poussière,poussière,terre,terre,terre,nuage,nuage,nuage,brouillard,brouillard,brouillard,ciel,ciel,ciel,vent,vent,vent,neige,neige,neige,glace,glace,glace,fumée,fumée,fumée,feu,feu,feu,cendre,cendre,cendre,brûler,brûler,brûler,route,route,route,montagne,montagne,montagne,rouge,rouge,rouge,vert,vert,vert,jaune,jaune,jaune,blanc,blanc,blanc,noir,noir,noir,nuit,nuit,nuit,jour,jour,jour,année,année,année,automne,automne,automne,chaud,chaud,chaud,froid,froid,froid,plein,plein,plein,nouveau,nouveau,nouveau,vieux,vieux,vieux,bon,bon,bon,mauvais,mauvais,mauvais,pourri,pourri,pourri,sale,sale,sale,droit,droit,droit,rond,rond,rond,pointu,pointu,pointu,émoussé,émoussé,émoussé,lisse,lisse,lisse,humide,humide,humide,sec,sec,sec,correct,correct,correct,proche,proche,proche,éloigné,éloigné,éloigné,droit,droit,droit,gauche,gauche,gauche,nom,nom,nom,je,je,,tu,tu,tu,il,il,il,nous,nous,nous,vous,vous,vous,ils,ils,ils,qui ?,qui ?,qui ?,quoi ?,quoi ?,quoi ?,où ?,où ?,où ?,quand ?,quand ?,quand,comment ?,comment ?,comment,non,non,non,autre,autre,autre
T-Agalik,jak,B,Ir,du,B,Ir,s’E,C,Ir,t_SahOr,C,Ir,pandZ,B,Ir,kalOn,E,Ir,mudat,H,Ir,pahan,M,Ir,Gasp,H,Ir,vazmin,C,Ir,xuld,L,Ir,kutOh,F,Ir,taN,N,Ir,bOrik,K,Ir,zan,G,Ir,mard,G,Ir,Odam,A,Ar,gUdak,F,Ir,zan,K,Ir,Su:,I,Ir,mOdar,D,Ir,padar,G,Ir,hajvOn,B,Ar,mOhi,B,Ir,paranda,C,Ir,kut_Suk,B,Ir,SabuS,B,Ir,,,,mOr,B,Ir,kirm,I,Ir,daraxt,B,Ir,b’eSa,J,Ir,t_Sup,F,Ir,m’eva,B,Ir,tuxmi,B,Ir,barg,B,Ir,r’eSa,C,Ir,pustlOq,B,Ir,gUl,A,Ir,sabza,G,Ir,resmOn,G,Ir,pust,B,Ir,guSt,B,Ir,xun,A,Tk,ustuhOn,B,Ir,rawGan,E,Ir,tuxum,C,Ir,SOx,B,Ir,dUm,B,Ir,par_0,D,Ir,muj,C,Ir,sar,C,Ir,guS,B,Ir,t_SaSm,C,Ir,bindi,D,Ir,dahOn,C,Ir,dandOn,B,Ir,zabOn,B,Ir,nOxun,B,Ir,pOj,C,Ir,zOnu,D,Ir,dast,B,Ir,qanOt,A,Tk,iSkam,E,Ir,gardOn,C,Ir,puSt,G,Ir,si:na,G,Ir,dil,B,Ir,dZigar,B,Ir,nuSidan,B,Ir,xurdan,E,Ir,gazidan,F,Ir,makidan,D,Ir,tuf,B,Ir,puf,G,Ir,nafas,B,Ir,xandidan,C,Ir,didan,B,Ir,S2nidan,H,Ir,donistan,C,Ir,fikr=,E,Ar,buj,E,Ir,tarsidan,B,Ir,xobraftan,C,Ir,zindagoni,H,Ir,murdan,B,Ir,kuStan,B,Ir,guStin,G,Ir,SikOr,F,Ir,zadan,J,Ir,bUridan,C,Ir,t’ela,D,Ir,xarOSidan,H,Ir,kOftan,B,Ir,ObbOzi,F,Ir,paridan,B,Ir,raftan,D,Ir,Omadan,B,Ir,xObraftan,C,Ir,SiStan,B,Ir,rOst,B,Ir,t_Sarx,H,Ir,aftodan,H,Ir,dOdan,B,Ir,dOStan,E,Ir,qisi kardan,A,Tk,SuStan,B,Ir,pOk,I,Ir,kaSidan,B,Ir,partOftan,G,Ir,bastan,G,Ir,duxtan,D,Ir,guftan,G,Ir,sarOjidan,P,Ir,bOzi,C,Ir,xunuk,I,Ir,OftOb_0,C,Ir,mOh,B,Ir,sitOra,B,Ir,Ob_0,B,Ir,bOrOn,B,Ir,darjO,B,Ir,kul,B,Tk,bahar,E,Ar,namak,B,Ir,saN,B,Ir,xum,A,Tk,t_SaN,A,Ir,zamin,C,Ir,abr,C,Ir,tuman,A,Tk,OsmOn,A,Ir,SamOl,B,Ar,barf,B,Ir,jax,B,Ir,d}d_0,C,Ir,alOw,C,Ir,xOkiStar,D,Ir,dargerondan,H,Ir,rOh,C,Ir,k}h,C,Ir,s}rx,B,Ir,kabud_0,F,Ir,zard,B,Ir,saf’ed_0,B,Ir,sijOh,B,Ir,Sab,E,Ir,rUz,E,Ir,sOl,B,Ir,,,,garm,D,Ir,xUnuk,C,Ir,p}rrak,G,Ir,naw,C,Ir,k}hna,A,Ir,xub_0,D,Ir,bad_0,E,Ir,pusida,L,Ir,t_Sirkin,I,Ir,tuGri,B,Tk,l}nda,F,Ir,t’ez,I,Ir,kund,E,Ir,s}fta,R,Ir,tar,N,Ir,x}Sk,D,Ir,rOst,H,Ir,nazdik,F,Ir,dur,E,Ir,rOst,B,Ir,t_Sap,B,Ir,nOm,C,Ir,man,B,Ir,tu,B,Ir,On,B,Ir,mO,D,Ir,,,,OnhO,B,Ir,ki,B,Ir,t_Si,F,Ir,kudZO,C,Ir,kaj,D,Ir,t_SitaBr,F,Ir,ne,B,Ir,digar,E,Ir
T-Kamangaron 1,jak,B,Ir,du,B,Ir,se,C,Ir,t_SOr,C,Ir,panZ,B,Ir,kalOn,E,Ir,dur,I,Ir,vas’e,N,Ir,Gasp,H,Ir,vazmin,C,Ir,majda,J,Ir,kytOh,F,Ir,bOrik,M,Ir,tunuk,L,Ir,zajif,I,Ir,mardak,H,Ir,Odam,A,Ar,g2dak,F,Ir,zan,K,Ir,Sawhar,J,Ir,mOdar,D,Ir,padar,G,Ir,hajvOn,B,Ar,mahi,B,Ir,parandan,C,Ir,sak,E,Ir,,,,,,,mOr,B,Ir,kirm,I,Ir,daraxt,B,Ir,urmUn,A,Tk,tajOq,A,Tk,meva,B,Ir,urux,C,Tk,barg_0,B,Ir,r’eSa,C,Ir,p2st,C,Ir,gul,A,Ir,alaf,H,Ir,respO~n,G,Ir,p2st,B,Ir,g2St,B,Ir,xun,A,Tk,ustuhOn,B,Ir,rawGan,E,Ir,txum,C,Ir,SOx,B,Ir,dum,B,Ir,pat,D,Ir,m2j,C,Ir,sar,C,Ir,k2S,B,Ir,t_SaSm,C,Ir,bindi,D,Ir,dahOn,C,Ir,dandO~n,B,Ir,zuvOn,B,Ir,nOxun,B,Ir,pOt_Sa,D,Ir,tizza,A,Tk,dast,B,Ir,qanOt,A,Tk,Skam,E,Ir,gardan,C,Ir,taxtapyst,H,Ir,k2krak,B,Tk,dil,B,Ir,dZigar,B,Ir,n2stan,B,Ir,x2rdan,E,Ir,gazidan,F,Ir,markidan,D,Ir,,,,puf,G,Ir,nafas,B,Ir,xandidan,C,Ir,didan,B,Ir,Synidan,H,Ir,donistan,C,Ir,fkir,E,Ar,b2,E,Ir,tarsidan,B,Ir,xOraftan,C,Ir,zindagi,H,Ir,murdan,B,Ir,kUStan,B,Ir,kuraS,A,Tk,Ow,E,Tk,zadan,J,Ir,buridan,C,Ir,t’ela,D,Ir,xandZOla,J,Ir,koftan,B,Ir,SinO,G,Ir,paridan,B,Ir,raftan,D,Ir,Omadan,B,Ir,xOraftan,C,Ir,SiStan,B,Ir,rOst,B,Ir,t_SarG,H,Ir,aftidan,H,Ir,dOdan,B,Ir,dOStan,E,Ir,skOndan,H,Ir,SyStan,B,Ir,pOk,I,Ir,kaSidan,B,Ir,partoftan,G,Ir,bastan,G,Ir,d2xtan,D,Ir,gaf,G,Ir,aSula,G,Ir,bOzi,C,Ir,jax,J,Ir,OftOb_0,C,Ir,mah,B,Ir,stOra,B,Ir,ob_0,B,Ir,bOrOn,B,Ir,darjO,B,Ir,k2l,B,Tk,bahar,E,Ar,namak,B,Ir,sa~N,B,Ir,kum,A,Tk,t_SaN,A,Ir,zamin,C,Ir,,,,tuman,A,Tk,OsmOn,A,Ir,SamOl,B,Ar,barf,B,Ir,jax,B,Ir,dud_0,C,Ir,alOw,C,Ir,xOkistar,D,Ir,dargιrundan,H,Ir,roh,C,Ir,kyh,C,Ir,surx,B,Ir,zangor,C,Ir,zard_0,B,Ir,saf’ed_0,B,Ir,sijO,B,Ir,Sab_0,E,Ir,rUz,E,Ir,sol,B,Ir,,,,garm,D,Ir,xunuk,C,Ir,pUrra,G,Ir,naw,C,Ir,k2hna,A,Ir,naGz,E,Ir,bad,E,Ir,pusidagi,L,Ir,t_Sirkin,I,Ir,rOst,H,Ir,lynda,F,Ir,t’es,I,Ir,nOt’es,L,Ir,si55Iq,F,Tk,tar,N,Ir,xuSk,D,Ir,rOst,H,Ir,nazdik,F,Ir,dyr,E,Ir,rOst,B,Ir,t_Sap,B,Ir,nOm,C,Ir,man,B,Ir,tu,B,Ir,vaj,C,Ir,mOhOn,E,Ir,SumOjOn,D,Ir,vajhO,C,Ir,ki,B,Ir,t_Si,F,Ir,gudZOnda,D,Ir,kadomvaxt,E,Ir,t_Sxel,G,Ir,n’es,C,Ir,digar,E,Ir
T-Kamangaron 2,jak,B,Ir,du,B,Ir,se,C,Ir,t_SOr,C,Ir,panZ,B,Ir,kalOn,E,Ir,dur,I,Ir,vas’e,N,Ir,Gasp,H,Ir,vazbin,C,Ir,majda,J,Ir,kalta,B,Ir,taNk,N,Ir,tunuk,L,Ir,zajif,I,Ir,mard,G,Ir,Odam,A,Ar,bat_Sa,G,Ir,zan,K,Ir,S2:,I,Ir,bi:,F,Ir,dada,H,Ir,hajvOn,B,Ar,mOhi,B,Ir,par@nda,C,Ir,kut_Suk,B,Ir,SaBuS,B,Ir,,,,mOr,B,Ir,kirm,I,Ir,daraxt,B,Ir,yrmUn,A,Tk,tajOq,A,Tk,m’eva,B,Ir,txum,B,Ir,barg_0,B,Ir,r’eSa,C,Ir,p2stlQq,B,Ir,gyl,A,Ir,alaf,H,Ir,arGamt_Sin,H,Ir,p2st,B,Ir,g2St,B,Ir,xUn,A,Tk,ustuxOn,B,Ir,rauGan,E,Ir,tuxum,C,Ir,SOx,B,Ir,dum,B,Ir,pat,D,Ir,m2j,C,Ir,kalla,B,Tk,g2S’,B,Ir,t_SaSm,C,Ir,binda,D,Ir,dahOn,C,Ir,dandOn,B,Ir,zavOn,B,Ir,nOxUn,B,Ir,pOj,C,Ir,zOnU,D,Ir,dast,B,Ir,qanOq,A,Tk,iSkam,E,Ir,gardan,C,Ir,mijOn,I,Ir,kukraq,B,Tk,dil,B,Ir,dZigar,B,Ir,k2rdan,C,Ir,k2rdan,E,Ir,gazdan,F,Ir,makidan,D,Ir,tuf,B,Ir,puf,G,Ir,nafas,B,Ir,xandidan,C,Ir,didan,B,Ir,fahmidan,G,Ir,dOnistan,C,Ir,2jla,A,Tk,b2,E,Ir,tarsidan,B,Ir,xObraftan,C,Ir,zindagi,H,Ir,murdan,B,Ir,kyStan,B,Ir,dZaN,H,Ir,Ow,E,Tk,zadan,J,Ir,buridan,C,Ir,tela,D,Ir,xandZOla,J,Ir,kOftan,B,Ir,habOzi,F,Ir,paridan,B,Ir,raftan,D,Ir,Omadan,B,Ir,xObraftan,C,Ir,SiStan,B,Ir,rOst,B,Ir,ajnali,A,Tk,Gildan,J,Ir,dodan,B,Ir,dOS’tan,E,Ir,qisi,A,Tk,Sustan,B,Ir,pOk,I,Ir,kaSidan,B,Ir,partoftan,G,Ir,bastan,G,Ir,d2xtan,D,Ir,guftan,G,Ir,aSul@,G,Ir,bOzi,C,Ir,xunuk,I,Ir,OftOb_0,C,Ir,mOh,B,Ir,stOra,B,Ir,Ob_0,B,Ir,bOrOn,B,Ir,dZOj,K,Ir,k2l,B,Tk,bahar,E,Ar,namak,B,Ir,saN,B,Ir,kum,A,Tk,t_SaN,A,Ir,zamin,C,Ir,bulut,A,Tk,tuman,A,Tk,OsmQn,A,Ir,SamOl,B,Ar,barf,B,Ir,jax,B,Ir,dud_0,C,Ir,alOb,C,Ir,xOkistar,D,Ir,syxtan,I,Ir,roh,C,Ir,k2h,C,Ir,surx,B,Ir,zangor,C,Ir,zard,B,Ir,saf’ed_0,B,Ir,sijQ,B,Ir,Sab_0,E,Ir,r2z,E,Ir,sOl,B,Ir,,,,garm,D,Ir,xunuk,C,Ir,pUr,H,Ir,naO,C,Ir,k2hna,A,Ir,naGz,E,Ir,ganda,F,Ir,p@sidagi,L,Ir,t_Sirkin,I,Ir,rOst,H,Ir,l2nda,F,Ir,tez_0,I,Ir,kund_0,E,Ir,silliq,F,Tk,tar,N,Ir,xySk,D,Ir,t2Gri,B,Tk,nazdik,F,Ir,dur,E,Ir,rOst,B,Ir,t_Sap,B,Ir,nOm,C,Ir,man,B,Ir,tu,B,Ir,vaj,C,Ir,mO,D,Ir,SumO,C,Ir,unO,D,Ir,ki,B,Ir,t_Si,F,Ir,gudZOva,E,Ir,kajba,F,Ir,t_Sxel,G,Ir,ne,B,Ir,digar,E,Ir
T-Kaptarhona 1,jak,B,Ir,d2,B,Ir,se,C,Ir,t_SO:r,C,Ir,pandZ,B,Ir,katta,C,Tk,d@rOz,J,Ir,kSOt,O,Ir,Gaus,H,Ir,vazmin,C,Ir,majdahak,K,Ir,kalta,B,Ir,tank,N,Ir,bOrik,K,Ir,zanak,G,Ir,mardak,H,Ir,Odam,A,Ar,kudak,F,Ir,zan,K,Ir,Su:,I,Ir,buBa,F,Ir,dada,H,Ir,hajvUn,B,Ar,maji,B,Ir,paranda,C,Ir,kt_S2k,B,Ir,,,,,,,mor,B,Ir,kir@m,I,Ir,daraxt,B,Ir,urmOn,A,Tk,nauda,T,Ir,meva,B,Ir,urOk,C,Tk,bark,B,Ir,tOm@r,A,Tk,puslQq,B,Ir,g2l,A,Ir,alaf,H,Ir,band,I,Ir,pust,B,Ir,guSt,B,Ir,x@n,A,Tk,ustuhOn,B,Ir,ruhan,E,Ir,tx@m,C,Ir,SOx,B,Ir,d2m,B,Ir,par,D,Ir,mU,C,Ir,sar,C,Ir,guS,B,Ir,t_S@Sm=,C,Ir,b@nni,D,Ir,dahan,C,Ir,dandun,B,Ir,zuhun,B,Ir,nOxun,B,Ir,pot_Sik,D,Ir,zOni,D,Ir,dest,B,Ir,qanOt,A,Tk,Skam,E,Ir,gardan,C,Ir,mijun,I,Ir,qUqrak,B,,dil,B,Ir,dZigar,B,Ir,nuSidan,B,Ir,xurdan,E,Ir,gazidan,F,Ir,makidan,D,Ir,tuf,B,Ir,puf,G,Ir,nafas,B,Ir,xandidan,C,Ir,didan,B,Ir,Snavidan,H,Ir,donistan,C,Ir,uj,A,Tk,bU,E,Ir,tarsidan,B,Ir,xaOraftan,C,Ir,jaSarm@S,B,Tk,m2rdan,B,Ir,kS=tan,B,Ir,kuraSm@S,A,Tk,aO,E,Tk,zadan,J,Ir,bridan,C,Ir,tela,D,Ir,x2r,H,Ir,koftan,B,Ir,haBozi,F,Ir,paridan,B,Ir,raftan,D,Ir,Umadan,B,Ir,xaOraftan,C,Ir,SiStan,B,Ir,t_S@q,E,Ir,f2r,J,Ir,Galtodan,J,Ir,dodan,B,Ir,qapidan,F,Ir,dZaqidan,J,Ir,Suftan,B,Ir,ruftan,K,Ir,kaSidan,B,Ir,partoftan,G,Ir,bastan,G,Ir,duxtan,D,Ir,guftan,G,Ir,aSula,G,Ir,bOzi,C,Ir,jax,J,Ir,aftaw,C,Ir,moh,B,Ir,istora,B,Ir,aw,B,Ir,bOrun,B,Ir,darjO,B,Ir,kUl,B,Tk,deNiz_0,B,Tk,namak,B,Ir,saN,B,Ir,q2m,A,Tk,t_SaN,A,Ir,zamin,C,Ir,,,,tuman,A,Tk,Osmon,A,Ir,SQmOl,B,Ar,barf,B,Ir,jax,B,Ir,tutun,A,Tk,alaw,C,Ir,xOkstar,D,Ir,dargerundan,H,Ir,rah,C,Ir,k2h,C,Ir,s2rx,B,Ir,saBuz_0,G,Ir,zard,B,Ir,saf’ed,B,Ir,sija,B,Ir,Sau,E,Ir,ruz,E,Ir,sOl,B,Ir,,,,gar@m,D,Ir,xenEk,C,Ir,p2r,H,Ir,nau,C,Ir,k2hna,A,Ir,naG@z,E,Ir,ganda,F,Ir,psidagi,L,Ir,t_S@rk,I,Ir,tUGri,B,Tk,kulula,G,Ir,tez,I,Ir,k2nd_0,E,Ir,tEkk@z,A,Tk,tar,N,Ir,qOq,E,Ir,tUGri,B,Tk,qarib_0,G,Ar,dur,E,Ir,rOst,B,Ir,t_Sap,B,Ir,nom,C,Ir,man,B,Ir,t1,B,Ir,vaj,C,Ir,,,,SumO,C,Ir,BajO,C,Ir,kiaj,C,Ir,t_Siaj,G,Ir,dagidZO,F,Ir,kaj,D,Ir,t_Si:,I,Ir,n’est,C,Ir,digaS,E,Ir
T-Kaptarhona 2,jak,B,Ir,dU,B,Ir,sE,C,Ir,t_SahOr,C,Ir,panZ,B,Ir,katta,C,Tk,dur,I,Ir,kuSOt,O,Ir,farbi,K,Ir,vazmin,C,Ir,majda,J,Ir,kalta,B,Ir,tOr,A,Ir,bOrik,K,Ir,zan,G,Ir,mard,G,Ir,Odam,A,Ar,gudak,F,Ir,zan,K,Ir,SUw,I,Ir,modar,D,Ir,padar,G,Ir,hajvUn,B,Ar,mOhi,B,Ir,paranda,C,Ir,sak,E,Ir,bit,A,Tk,,,,mOr,B,Ir,kir@m,I,Ir,daraxt,B,Ir,urmOn,A,Tk,tajOq,A,Tk,meva,B,Ir,uruk,C,Tk,bark,B,Ir,tQm@r,A,Tk,puslOq,B,Ir,gyl,A,Ir,alaf,H,Ir,band,I,Ir,pust,B,Ir,guSt,B,Ir,xun,A,Tk,istuhOn,B,Ir,rUhan,E,Ir,txum,C,Ir,SOx,B,Ir,dum,B,Ir,pat,D,Ir,muj,C,Ir,sar,C,Ir,guS,B,Ir,t_SaS@m,C,Ir,binni,D,Ir,dahan,C,Ir,dandO~n,B,Ir,zabOn,B,Ir,nOxun,B,Ir,pOt_Suk,D,Ir,zOni,D,Ir,dast,B,Ir,kanOt,A,Tk,Skam,E,Ir,gardOn,C,Ir,mijun,I,Ir,sina,G,Ir,qal,C,Ar,dZigar,B,Ir,nuSit,B,Ir,xurdan,E,Ir,gazidan,F,Ir,makidan,D,Ir,tuf,B,Ir,puf,G,Ir,nafas,B,Ir,xandidan,C,Ir,didan,B,Ir,Snavidan,H,Ir,dunistan,C,Ir,fikr,E,Ar,buj,E,Ir,tarsidan,B,Ir,xaOraftan,C,Ir,zindagi,H,Ir,murdan,B,Ir,kuStan,B,Ir,,,,Ow,E,Tk,zadan,J,Ir,b@ridan,C,Ir,tela,D,Ir,xur,H,Ir,koftan,B,Ir,awvozi,F,Ir,paridan,B,Ir,raftan,D,Ir,Omadan,B,Ir,xobraftan,C,Ir,SiStan,B,Ir,t_S@rt,E,Ir,fir,J,Ir,Galtodan,J,Ir,dodan,B,Ir,qapidan,F,Ir,dZOqidan,J,Ir,suStan,B,Ir,ruftan,K,Ir,kaSidan,B,Ir,partoftan,G,Ir,bastan,G,Ir,dUxtan,D,Ir,gab,G,Ir,aSula,G,Ir,bozi,C,Ir,xunuk,I,Ir,oftOb,C,Ir,mOhtOb,C,Ir,istora,B,Ir,Ob,B,Ir,bOrUn,B,Ir,darjO,B,Ir,kul,B,Tk,dzing1z,B,Tk,namak,B,Ir,saN,B,Ir,qum,A,Tk,t_SaN,A,Ir,zamin,C,Ir,abr,C,Ir,tuman,A,Tk,OsmOn,A,Ir,SamOl,B,Ar,barf,B,Ir,jax,B,Ir,dud,C,Ir,aGaw,C,Ir,xokistar,D,Ir,dargerundan,H,Ir,rOh,C,Ir,kuh,C,Ir,surx,B,Ir,kabut,F,Ir,zard,B,Ir,saf’ed,B,Ir,sijOh,B,Ir,Sab,E,Ir,ruz,E,Ir,sOl,B,Ir,,,,garm=,D,Ir,xunuk,C,Ir,pur,H,Ir,nOv,C,Ir,kuhna,A,Ir,naGz,E,Ir,ganda,F,Ir,psidagi,L,Ir,t_Surk,I,Ir,tuGri,B,Tk,dojra,H,Ir,tez,I,Ir,kund,E,Ir,sill@q,F,Tk,tar,N,Ir,qOq,E,Ir,tuGri,B,Tk,qarib_0,G,Ar,dur,E,Ir,rOst,B,Ir,t_Sap,B,Ir,nOm,C,Ir,man,B,Ir,tu,B,Ir,vaj,C,Ir,mO,D,Ir,SumO,C,Ir,vajO,C,Ir,ki,B,Ir,t_Si,F,Ir,darguZO,F,Ir,kaj,D,Ir,istarOn,J,Ir,n’est,C,Ir,digar,E,Ir
T-Kaptarhona 3,jak,B,Ir,d2,B,Ir,se,C,Ir,t_SOr,C,Ir,panZ,B,Ir,katta,C,Tk,dur,I,Ir,kSOt,O,Ir,farbi,K,Ir,vazmin,C,Ir,majdahak,K,Ir,kalta,B,Ir,bor’ik,G,Ir,bor’ik,K,Ir,zanak,J,Ir,mardak,H,Ir,Odam,A,Ar,kudak,F,Ir,zan,K,Ir,Su:,I,Ir,modar,D,Ir,padar,G,Ir,hajwon,B,Ar,mahi,B,Ir,kuS,A,Tk,sag_0,E,Ir,,,,,,,mOr,B,Ir,t_Suwalt_SaN,E,Tk,daraxt,B,Ir,murmUn,A,Tk,tajQq,A,Tk,m’eva,B,Ir,urux,C,Tk,barg,B,Ir,,,,,,,gul,A,Ir,alaf,H,Ir,band,I,Ir,pust,B,Ir,guSt,B,Ir,xun,A,Tk,ustuhun,B,Ir,rUGan,E,Ir,tx@m,C,Ir,SOx,B,Ir,dUm,B,Ir,,,,mu,C,Ir,kalla,B,Tk,guS,B,Ir,t_Sam,C,Ir,b@nn’i,D,Ir,dahan,C,Ir,dandUn,B,Ir,zuhun,B,Ir,noxun,B,Ir,pOt_Sik,D,Ir,zoni,D,Ir,d2st,B,Ir,qanOt,A,Tk,Skam,E,Ir,gardan,C,Ir,mijOn,I,Ir,kukrak,B,Tk,dil,B,Ir,dZigar,B,Ir,nuSit,B,Ir,mixran,G,Ir,megazan,F,Ir,mimakan,D,Ir,tuf,B,Ir,,,,nafas,B,Ir,mexandan,C,Ir,medinam,B,Ir,m’eSnarvam,H,Ir,m’edonam,C,Ir,uj,A,Tk,bu,E,Ir,metarsam,B,Ir,xaOmeram,C,Ir,jaSam,B,Tk,membaram,B,Ir,mekSam,B,Ir,guStin,G,Ir,,,,mezanam,J,Ir,mebaram,C,Ir,tela,D,Ir,xra,H,Ir,mekanom,C,Ir,,,,meparam,B,Ir,meram,D,Ir,meOm,B,Ir,,,,m’eSinam,B,Ir,t_SErt,E,Ir,f@r,J,Ir,,,,dodan,B,Ir,m’eqapam,F,Ir,m’edZ@qam,J,Ir,m’eSum,B,Ir,toza,L,Ir,m’ekaSam,B,Ir,m’epartom,G,Ir,m’ébandom,G,Ir,m’eduzram,D,Ir,gab,G,Ir,aSula,G,Ir,bozi,C,Ir,xan@k,I,Ir,aftQb,C,Ir,mahtQb,C,Ir,istora,B,Ir,aw,B,Ir,bOrUn,B,Ir,kanal,L,Ru,kul,B,Tk,darjO,C,Ir,namak,B,Ir,saN,B,Ir,kUm,A,Tk,t_SaN,A,Ir,zamin,C,Ir,b@l@t,A,Tk,tuman,A,Tk,,,,SamOl,B,Ar,barf,B,Ir,,,,dud_0,C,Ir,alav,C,Ir,xokistar,D,Ir,alav,J,Ir,rah,C,Ir,kUh,C,Ir,s2rx,B,Ir,kabut,F,Ir,zard,B,Ir,saf’Ed_0,B,Ir,sijQ,B,Ir,Saw,E,Ir,rUz,E,Ir,sOl,B,Ir,,,,garm,D,Ir,x@n@k,C,Ir,p@r,H,Ir,naw,C,Ir,k2hna,A,Ir,naGz,E,Ir,ganda,F,Ir,,,,t_S2rk,I,Ir,tuGri,B,Tk,k@lula,G,Ir,tez,I,Ir,khUnd,E,Ir,tikk@z_0,A,Tk,tar,N,Ir,qOq,E,Ir,tuGri,B,Tk,,,,dur,E,Ir,rOst,B,Ir,t_Sap,B,Ir,nUm,C,Ir,man,B,Ir,,,,vajO,C,Ir,mO,D,Ir,SumO,C,Ir,vajO,C,Ir,kiaj,C,Ir,t_Siaj,G,Ir,dargidZO,F,Ir,kaj,D,Ir,istOrO,J,Ir,n’est,C,Ir,digar,E,Ir
T-Kaptarhona 5,jak,B,Ir,d2,B,Ir,s’E,C,Ir,t_SOr,C,Ir,panZ,B,Ir,katta,C,Tk,dur,I,Ir,kSOt,O,Ir,farbi,K,Ir,vazmin,C,Ir,majdahak,K,Ir,kalta,B,Ir,kam,I,Ir,bOrik,K,Ir,,,,mardak,H,Ir,Odam,A,Ar,kudak,F,Ir,zan,K,Ir,Su:,I,Ir,buwa,F,Ir,dada,H,Ir,hajvun,B,Ar,mahi,B,Ir,paranda,C,Ir,kt_Sok,B,Ir,Sp=S,B,Ir,,,,mOr,B,Ir,kirm=,I,Ir,daraxt,B,Ir,urmUn,A,Tk,kaltak,O,Ir,miva,B,Ir,urUx,C,Tk,bark,B,Ir,reSa,C,Ir,pustlQq,B,Ir,gul,A,Ir,alaf,H,Ir,band,I,Ir,pust,B,Ir,guSt,B,Ir,x@n,A,Tk,stuGun,B,Ir,ruGan,E,Ir,txum,C,Ir,SOx,B,Ir,dm=,B,Ir,pat,D,Ir,muh,C,Ir,kalla,B,Tk,guS,B,Ir,t_Sm=,C,Ir,bEnni,D,Ir,dahan,C,Ir,dandun,B,Ir,zuhun,B,Ir,nOxun,B,Ir,pOt_Sk=,D,Ir,zoni,D,Ir,dEst,B,Ir,qanOt,A,Tk,Skam,E,Ir,gardan,C,Ir,mijun,I,Ir,sina,G,Ir,dil,B,Ir,dZigar,B,Ir,xurdan,C,Ir,xurdan,E,Ir,gazidan,F,Ir,makidan,D,Ir,tuf,B,Ir,puf,G,Ir,nafas,B,Ir,xandidan,C,Ir,didan,B,Ir,Snavidan,H,Ir,dunistan,C,Ir,uj,A,Tk,bu,E,Ir,tarsidan,B,Ir,xaOraftan,C,Ir,zindagi,H,Ir,mr=dan,B,Ir,kS=tan,B,Ir,dZaN,H,Ir,aO,E,Tk,zadan,J,Ir,bridan,C,Ir,tela,D,Ir,xr=,H,Ir,koftan,B,Ir,habozi,F,Ir,paridan,B,Ir,raftan,D,Ir,umadan,B,Ir,xawraftan,C,Ir,SiStan,B,Ir,t_Sq=,E,Ir,fr=,J,Ir,GaltOt,J,Ir,dodan,B,Ir,qapidan,F,Ir,dZ@qidan,J,Ir,Suftan,B,Ir,ruftan,K,Ir,kaSidan,B,Ir,partoftan,G,Ir,bastan,G,Ir,duxtan,D,Ir,gaf,G,Ir,aSula,G,Ir,bOzi,C,Ir,xn@k,I,Ir,aftaw,C,Ir,maftOw,C,Ir,istora,B,Ir,aO,B,Ir,bOrun,B,Ir,darjO,B,Ir,kul,B,Tk,kul,A,Tk,namak,B,Ir,saN,B,Ir,qm=,A,Tk,t_S{N,A,Ir,zamin,C,Ir,bulut,A,Tk,tuman,A,Tk,Osmun,A,Ir,SamOl,B,Ar,barf,B,Ir,jax,B,Ir,dd=,C,Ir,alaO,C,Ir,xOkstar,D,Ir,darg’erundan,H,Ir,rah,C,Ir,kh=,C,Ir,sr=x,B,Ir,kabt=,F,Ir,zard,B,Ir,saf’ed,B,Ir,sijQ,B,Ir,SaO,E,Ir,ruz_0,E,Ir,sOl,B,Ir,,,,gar@m,D,Ir,xanko,C,Ir,pr=,H,Ir,naw,C,Ir,k@hna,A,Ir,naGz,E,Ir,ganda,F,Ir,psidagi,L,Ir,t_Sr=k,I,Ir,tuGri,B,Tk,kulula,G,Ir,tez_0 ,I,Ir,kn=d,E,Ir,tEkk@z_0,A,Tk,tar,N,Ir,qOq,E,Ir,tuGri,B,Tk,qarib_0,G,Ar,dur,E,Ir,rOst,B,Ir,t_Sap,B,Ir,num,C,Ir,mEn,B,Ir,t2,B,Ir,vaj,C,Ir,mO,D,Ir,SumO,C,Ir,vajO,C,Ir,ki,B,Ir,t_Si,F,Ir,dagidZ’O,F,Ir,kaj,D,Ir,istruki,K,Ir,n’E,B,Ir,digaS,E,Ir
T-Navdî 1,jak,B,Ir,du,B,Ir,se,C,Ir,t_SOr,C,Ir,pandZ_0,B,Ir,kalOn,E,Ir,darOz,J,Ir,Gafs,P,Ir,farbe,K,Ir,vazmin,C,Ir,majda,J,Ir,kutOh,F,Ir,taN_0,N,Ir,tunuk,L,Ir,zanak,J,Ir,mard,G,Ir,Odam,A,Ar,kudak,F,Ir,zan,K,Ir,mard_0,L,Ir,Ot_Sa,G,Ir,padar,G,Ir,hajvOn,B,Ar,mOhi:,B,Ir,paranda,C,Ir,sag_0,E,Ir,SapuS,B,Ir,paSapr@k,D,Ir,mOr,B,Ir,kirm,I,Ir,daraxt,B,Ir,dZangal,K,Ir,t_Sup,F,Ir,meva,B,Ir,tuxmi,B,Ir,barg_0,B,Ir,reSa,B,Ir,pust,C,Ir,gul,A,Ir,alaf,H,Ir,band,I,Ir,pust,B,Ir,gUSt,B,Ir,xun,A,Tk,suGun,B,Ir,ravGan,E,Ir,tuxum,C,Ir,SOx,B,Ir,dm=,B,Ir,par,D,Ir,muj,C,Ir,sar,C,Ir,guS,B,Ir,t_SaSm,C,Ir,bini:,D,Ir,dahan,C,Ir,dandon,B,Ir,zabOn,B,Ir,noxun,B,Ir,po,C,Ir,zOnu,D,Ir,dast,B,Ir,taf,C,Ir,SIkam,E,Ir,gardan,C,Ir,mijun,I,Ir,sina,G,Ir,dil,B,Ir,dZigar,B,Ir,nuSidan,B,Ir,xUrdan,E,Ir,gazidan,F,Ir,makidan,D,Ir,tuf,B,Ir,puf,G,Ir,nafas,B,Ir,xandidan,C,Ir,didan,B,Ir,guS,J,Ir,dUnistan,C,Ir,fikr,E,Ar,buj,E,Ir,tarsidan,B,Ir,xob_0kardan,C,Ir,zindagi,H,Ir,murdan,B,Ir,kuStan,B,Ir,muboriza,I,Ir,SikOr,F,Ir,zadan,J,Ir,buridan,C,Ir,tela,D,Ir,x@rOSidan,H,Ir,koftan,B,Ir,ObOzi,F,Ir,paridan,B,Ir,raftan,D,Ir,omadan,B,Ir,xobraftan,C,Ir,SiStan,B,Ir,istodan,D,Ir,fr=,J,Ir,uftodan,H,Ir,dodan,B,Ir,qapidan,F,Ir,dZUqidan,J,Ir,S}Stan,B,Ir,S}Stan,K,Ir,kaSidan,B,Ir,partOftan,G,Ir,bastan,G,Ir,duxtan,D,Ir,guftan,G,Ir,hOfizi,N,Ir,bozi,C,Ir,xunuk,I,Ir,Oftob_0,C,Ir,mOhtOb_0,C,Ir,sitora,B,Ir,Ob_0,B,Ir,bOrOn,B,Ir,darjO,B,Ir,kul,B,Tk,bahr,E,Ar,namak,B,Ir,saN,B,Ir,rek,D,Ar,gard_0,G,Ir,zamin,C,Ir,abr=,C,Ir,tuman,A,Tk,OsmOn,A,Ir,SQmOl,B,Ar,barf,B,Ir,jax,B,Ir,dud_0,C,Ir,alOv,C,Ir,xOkIstar,D,Ir,alOv,J,Ir,rah,C,Ir,kUh,C,Ir,surx,B,Ir,kabud_0,F,Ir,zard,B,Ir,saf’ed,B,Ir,sijOh,B,Ir,Sav,E,Ir,ruz,E,Ir,sOl,B,Ir,,,,garm,D,Ir,xunuk,C,Ir,purr6,G,Ir,nav,C,Ir,kuhna,A,Ir,xub_0,D,Ir,bad_0,E,Ir,pusidagi,L,Ir,GadZ,H,Ir,rOst,H,Ir,gird_0,I,Ir,tez,I,Ir,kund_0,E,Ir,rZ=d,S,Ir,tar,N,Ir,qOq,E,Ir,durust,A,Tk,qarib_0,G,Ar,dur,E,Ir,rOst,B,Ir,t_Sap,B,Ir,nOm,C,Ir,man,B,Ir,tu,B,Ir,vaj,C,Ir,mO,D,Ir,SumO,C,Ir,OnhO,B,Ir,ki:,B,Ir,t_Si:,F,Ir,darkudZO,F,Ir,kaj,D,Ir,t_SigUna,L,Ir,ne,B,Ir,digar,E,Ir
T-Navdî 2,jakt@,C,Ir,dut6,C,Ir,s’et6,D,Ir,t_SOrt@,D,Ir,panSt6,C,Ir,kalOn,E,Ir,bisjOr,K,Ir,pahn,M,Ir,Gafs,H,Ir,vazmin,C,Ir,,,,kutOh,F,Ir,bOrik,M,Ir,tunuk,L,Ir,zanak,J,Ir,mardak,H,Ir,Odam,A,Ar,kudak,F,Ir,zanak,L,Ir,Sawhar,J,Ir,Ot_Sa,G,Ir,padar,G,Ir,hajvOn,B,Ar,mOhi:,B,Ir,paranda,C,Ir,sag,E,Ir,S@p@S,B,Ir,paSapr@k,D,Ir,mUr,B,Ir,kirm=,I,Ir,daraxt,B,Ir,dZanga5,K,Ir,t_Sup,F,Ir,meva,B,Ir,semet_Ska,G,Ru,barg_0,B,Ir,reSa,B,Ir,pustlOq,B,Ir,gul,A,Ir,alaf,H,Ir,band,I,Ir,pust,B,Ir,guSt,B,Ir,xun,A,Tk,ustuxun,B,Ir,ravGan,E,Ir,tuxum,C,Ir,SOx,B,Ir,dum,B,Ir,par,D,Ir,muj,C,Ir,sar,C,Ir,guS,B,Ir,t_SaSm,C,Ir,bini:,D,Ir,dahOn,C,Ir,dandon,B,Ir,zabOn,B,Ir,noxun,B,Ir,pOj,C,Ir,zOnu,D,Ir,dast,B,Ir,taf,C,Ir,SIkam,E,Ir,gardan,C,Ir,puSt,G,Ir,sina,G,Ir,dil,B,Ir,dZigar,B,Ir,nuSidan,B,Ir,xurdan,E,Ir,gazidan,F,Ir,makidan,D,Ir,tf,B,Ir,puf,G,Ir,nafas,B,Ir,xandidan,C,Ir,didan,B,Ir,S@nidan,H,Ir,dUnistan,C,Ir,fikr=,E,Ar,buj,E,Ir,tarsidan,B,Ir,xobraftan,C,Ir,zindagi,H,Ir,murdan,B,Ir,kuStan,B,Ir,muboriza,I,Ir,SikOr,F,Ir,,,,ara,F,Ir,t’ela,D,Ir,xaroSidan,H,Ir,kandan,C,Ir,Sino,G,Ir,parvOz,C,Ir,raftan,D,Ir,omadan,B,Ir,xobraftan,C,Ir,SiStan,B,Ir,rOst,B,Ir,gird,K,Ir,uftodan,H,Ir,dodan,B,Ir,qapidan,F,Ir,dZaqidan,J,Ir,SyStan,B,Ir,tOza,L,Ir,kaSidan,B,Ir,partOftan,G,Ir,bastan,G,Ir,duxtan,D,Ir,guftan,G,Ir,hOfizi,N,Ir,bozi,C,Ir,xunuk,I,Ir,OftOb_0,C,Ir,mOhtOb_0,C,Ir,sitora,B,Ir,Op,B,Ir,bOrOn,B,Ir,darjO,B,Ir,kul,B,Tk,bahr,E,Ar,namak,B,Ir,saN,B,Ir,r’ek,D,Ar,gard_0,G,Ir,zamin,C,Ir,abr=,C,Ir,tuman,A,Tk,haBO,E,Ir,SamOl,B,Ar,barf,B,Ir,jax,B,Ir,dud_0,C,Ir,alOv,C,Ir,xOkIstar,D,Ir,dargirundan,H,Ir,rOh,C,Ir,kUh,C,Ir,s}rx,B,Ir,savz,G,Ir,zard,B,Ir,saf’ed,B,Ir,sijOh,B,Ir,Sav,E,Ir,ruz,E,Ir,sOl,B,Ir,tiramOh,C,Ir,garm,D,Ir,xunuk,C,Ir,purra,G,Ir,nav,C,Ir,kuhna,A,Ir,xUb_0,D,Ir,ganda,F,Ir,pusidagi,L,Ir,GadZ,H,Ir,rOsti,H,Ir,gird,I,Ir,tez,I,Ir,kundala,E,Ir,rZ=d,S,Ir,tar,N,Ir,qOq,E,Ir,rOst,H,Ir,qarib_0,G,Ar,dur,E,Ir,rOst,B,Ir,t_Sap,B,Ir,nOm,C,Ir,mn=,B,Ir,tU,B,Ir,vaj,C,Ir,mO,D,Ir,SumO,C,Ir,OnhO,B,Ir,ki:,B,Ir,t_Si:,F,Ir,darkudZO,F,Ir,kaj,D,Ir,t_Sxel,G,Ir,ne,B,Ir,digar,E,Ir
T-Navdî 3,jakt6,C,Ir,d}t6,C,Ir,s’et6,D,Ir,t_SOrt6,D,Ir,panSt6,C,Ir,kalOn,E,Ir,darOz,J,Ir,pahan,M,Ir,Gafs,H,Ir,vazmin,C,Ir,majda,J,Ir,kalta,B,Ir,bOrik,M,Ir,bOrik,K,Ir,zanak,J,Ir,mard,G,Ir,Odam,A,Ar,kudak,F,Ir,zan,K,Ir,mard,L,Ir,mUdar,D,Ir,padar,G,Ir,hajvOn,B,Ar,mOhi:,B,Ir,paranda,C,Ir,sag_0,E,Ir,,,,paSaprUk,D,Ir,mOr,B,Ir,kir@m,I,Ir,daraxt,B,Ir,dZangal,K,Ir,t_Sup,F,Ir,meva,B,Ir,dOnagi,I,Ir,barg_0,B,Ir,reSa,B,Ir,pustlOq,B,Ir,gul,A,Ir,alaf,H,Ir,band,I,Ir,pust,B,Ir,gUSt,B,Ir,xun,A,Tk,ustuxOn,B,Ir,ravGan,E,Ir,tuxum,C,Ir,SOx,B,Ir,dm=,B,Ir,qanOt,A,Tk,mu,C,Ir,sar,C,Ir,guS,B,Ir,t_SaSm=,C,Ir,bini:,D,Ir,dahOn,C,Ir,dandOn,B,Ir,zabOn,B,Ir,nOxun,B,Ir,pO,C,Ir,zOnu,D,Ir,dast,B,Ir,taf,C,Ir,Sikam,E,Ir,gardan,C,Ir,mijUn,I,Ir,sina,G,Ir,dil,B,Ir,dZigar,B,Ir,n}Sidan,B,Ir,xUrdan,E,Ir,gazidan,F,Ir,,,,tUf,B,Ir,pUf,G,Ir,nafas,B,Ir,xandidan,C,Ir,didan,B,Ir,S@nidan,H,Ir,dUnistan,C,Ir,fikr=,E,Ar,bu,E,Ir,tarsidan,B,Ir,xob_0kardan,C,Ir,zindagi,H,Ir,murdan,B,Ir,kuStan,B,Ir,,,,SikOr,F,Ir,lat,K,Ir,buridan,C,Ir,tela,D,Ir,xaroSidan,H,Ir,kandan,C,Ir,ObOzi,F,Ir,parvOz,C,Ir,raftan,D,Ir,biw,C,Ir,xOb_0,C,Ir,SiStan,B,Ir,rOst,B,Ir,tOv,L,Ir,Galtidan,J,Ir,te,C,Ir,qapidan,F,Ir,dZaqidan,H,Ir,S}stan,B,Ir,tOza,L,Ir,taraN,C,Ir,partOftan,G,Ir,,,,duxtan,D,Ir,gafzan,G,Ir,xOndan,M,Ir,bOzi,C,Ir,xunuk,I,Ir,OftOb_0,C,Ir,mahtOb,C,Ir,sitora,B,Ir,Ob_0,B,Ir,bOrOn,B,Ir,dajrO,B,Ir,havz,C,Ir,bahar,E,Ar,namak,B,Ir,saN,B,Ir,rek,D,Ar,t_SaN,A,Ir,zamin,C,Ir,abr=,C,Ir,tuman,A,Tk,haBO,E,Ir,SamOl,B,Ar,barf,B,Ir,jax,B,Ir,dud_0,C,Ir,alOv,C,Ir,xOkIstar,D,Ir,alOv,J,Ir,rOh,C,Ir,kuh,C,Ir,surx,B,Ir,savz,G,Ir,zard,B,Ir,safed_0,B,Ir,sijOh,B,Ir,Sav,E,Ir,ruz,E,Ir,sOl,B,Ir,tiramOh,C,Ir,garm,D,Ir,xunuk,C,Ir,pur,H,Ir,nav,C,Ir,kuhna,A,Ir,xUb_0,D,Ir,bezeb,G,Ir,pusidagi,L,Ir,iflOs,F,Ir,rOst,H,Ir,gird,I,Ir,tez,I,Ir,kund,E,Ir,rZ=d,S,Ir,tar,N,Ir,qOq,E,Ir,rOst,H,Ir,qarib_0,G,Ar,dur,E,Ir,rOst,B,Ir,t_Sap,B,Ir,nOm,C,Ir,man,B,Ir,,,,vaj,C,Ir,mOjOn,E,Ir,SumO,C,Ir,OnhO,B,Ir,ki:,B,Ir,t_Si:,F,Ir,kudZOva,D,Ir,kaj,D,Ir,t_Sxel,G,Ir,nezd,C,Ir,digar,E,Ir
T-Nimich 1,jak,B,Ir,dU,B,Ir,se,C,Ir,t_SOr,C,Ir,panZ,B,Ir,kalOn,E,Ir,bisjOr,K,Ir,kalOn,Q,Ir,Gafs,H,Ir,vazmin,C,Ir,majda,J,Ir,kalta,B,Ir,bOrik,M,Ir,bOrik,K,Ir,zanak,J,Ir,mardak,H,Ir,Odam,A,Ar,kudak,F,Ir,zan,K,Ir,Su:,I,Ir,mOdar,D,Ir,padar,G,Ir,hajBOn,B,Ar,mahi:\,B,Ir,paranda,C,Ir,sag_0,E,Ir,,,,paSaparak,D,Ir,mUr,B,Ir,k@r@m,I,Ir,daraxt,B,Ir,dZangal,K,Ir,dasta,P,Ir,meva,B,Ir,tuxmi,B,Ir,barg,B,Ir,reSa,B,Ir,pust,C,Ir,gul,A,Ir,alaf,H,Ir,band,I,Ir,pust,B,Ir,gUSt,B,Ir,xun,A,Tk,ustuGOn,B,Ir,rUGan,E,Ir,txum,C,Ir,SOx,B,Ir,dUm,B,Ir,par,D,Ir,mu,C,Ir,sar,C,Ir,guS,B,Ir,t_SaSm=,C,Ir,bini:,D,Ir,dahOn,C,Ir,dandOn,B,Ir,zabOn,B,Ir,nOxun,B,Ir,pO,C,Ir,zOnU,D,Ir,dast,B,Ir,taf,C,Ir,Sikam,E,Ir,gardan,C,Ir,puSt,G,Ir,sina,G,Ir,dil,B,Ir,dZigar,B,Ir,nuSidan,B,Ir,xurdan,E,Ir,gazidan,F,Ir,makidan,D,Ir,tuf,B,Ir,puf,G,Ir,nafas,B,Ir,xandidan,C,Ir,didan,B,Ir,guS,J,Ir,dOnistan,C,Ir,fikr=,E,Ar,buj,E,Ir,tarsidan,B,Ir,xobraftan,C,Ir,zindagi,H,Ir,murdan,B,Ir,k}Stan,B,Ir,guStin,G,Ir,SikOr,F,Ir,zadan,J,Ir,buridan,C,Ir,t’ela,D,Ir,kandan,K,Ir,kandan,C,Ir,ObOzi,F,Ir,paridan,B,Ir,raftan,D,Ir,omadan,B,Ir,xob,C,Ir,SiStan,B,Ir,rOst,B,Ir,f@r,J,Ir,aftodan,H,Ir,dodan,B,Ir,qapidan,F,Ir,dZ@qidan,J,Ir,S}stan,B,Ir,pOk,I,Ir,kaSidan,B,Ir,partOftan,G,Ir,bastan,G,Ir,duxtan,D,Ir,guftan,G,Ir,hOfizi,N,Ir,bOzi,C,Ir,xunuk,I,Ir,OftOb_0,C,Ir,mOhtOb_0,C,Ir,sitora,B,Ir,Ob_0,B,Ir,bOrOn,B,Ir,darjO,B,Ir,havz,C,Ir,bahar,E,Ar,namak,B,Ir,saN,B,Ir,qUm,A,Tk,gard,G,Ir,xOq,D,Ir,abr=,C,Ir,tuman,A,Tk,OsmOn,A,Ir,SamOl,B,Ar,barf,B,Ir,jax,B,Ir,dud_0,C,Ir,alOw,C,Ir,xOkIstar,D,Ir,suxtagi,I,Ir,rOh,C,Ir,k}h,C,Ir,s}rx,B,Ir,savz,G,Ir,zard,B,Ir,saf’ed_0,B,Ir,sijOh,B,Ir,Sap,E,Ir,ruz,E,Ir,sOl,B,Ir,tiramOh,C,Ir,garm,D,Ir,xunuk,C,Ir,pur,H,Ir,naw,C,Ir,kuhna,A,Ir,naGz_0,E,Ir,ganda,F,Ir,buginik,M,Ir,GaZd,H,Ir,rOstaki,I,Ir,gird,I,Ir,tez,I,Ir,kund_0,E,Ir,rZ=d,S,Ir,tar,N,Ir,qOq,E,Ir,rOst,H,Ir,qarib_0,G,Ar,dur,E,Ir,rOst,B,Ir,t_Sap,B,Ir,nOm,C,Ir,man,B,Ir,,,,vaj,C,Ir,mO,D,Ir,SumO,C,Ir,OnhO,B,Ir,ki:,B,Ir,t_Si:,F,Ir,kudZOBa,D,Ir,kaj,D,Ir,t_Sxel,G,Ir,ne,B,Ir,digar,E,Ir
T-Nimich 2,jak,B,Ir,du,B,Ir,se,C,Ir,t_SohOr,D,Ir,panZ,B,Ir,kalOn,E,Ir,bisjOr,K,Ir,kuSoda,R,Ir,Gafs,H,Ir,vazmin,C,Ir,majda,J,Ir,kutOh,F,Ir,bOrik,M,Ir,tunuk,L,Ir,zan,G,Ir,mard,G,Ir,Odam,A,Ar,kudak,F,Ir,zan,K,Ir,mardina,L,Ir,mOdar,D,Ir,padar,G,Ir,hajvOn,B,Ar,mOhi,B,Ir,paranda,C,Ir,sag,E,Ir,,,,paSapar}k,D,Ir,mOr,B,Ir,kir@m,I,Ir,daraxt,B,Ir,dZangal,K,Ir,t_Sub,F,Ir,meva,B,Ir,,,,barg,B,Ir,reSa,B,Ir,pust,C,Ir,gu5,A,Ir,alaf,H,Ir,band,I,Ir,pust,B,Ir,guSt,B,Ir,xun,A,Tk,ustuGOn,B,Ir,rawGan,E,Ir,tuxum,C,Ir,SOx,B,Ir,dUm,B,Ir,par,D,Ir,mujhO,C,Ir,sar,C,Ir,guS,B,Ir,t_SaSm=,C,Ir,bini:,D,Ir,dahOn,C,Ir,dandOn,B,Ir,zabOn,B,Ir,nOxun,B,Ir,pOj,C,Ir,zOnU,D,Ir,dast,B,Ir,par,E,Ir,Sikam,E,Ir,gardan,C,Ir,puSt,G,Ir,sina,G,Ir,dil,B,Ir,dZigar,B,Ir,nuSidan,B,Ir,xurdan,E,Ir,gazidan,F,Ir,makidan,D,Ir,tuf,B,Ir,puf,G,Ir,nafas,B,Ir,xandidan,C,Ir,,,,guS,J,Ir,fahmidan,D,Ir,figr=,E,Ar,buj,E,Ir,tarsidan,B,Ir,xObraftan,C,Ir,hajOt,I,Ar,murdan,B,Ir,kuStan,B,Ir,muboriza,I,Ir,SikOr,F,Ir,zadan,J,Ir,buridan,C,Ir,t’ela,D,Ir,xarOSidan,H,Ir,kandan,C,Ir,Sino,G,Ir,paridan,B,Ir,,,,Omadan,B,Ir,xob,C,Ir,SiStan,B,Ir,rOst,B,Ir,t_Sarx,H,Ir,aftodan,H,Ir,dodan,B,Ir,qapidan,F,Ir,dZoqidan,J,Ir,S}stan,B,Ir,tOza,L,Ir,kaSidan,B,Ir,partOftan,G,Ir,bastan,G,Ir,duxtan,D,Ir,gap,G,Ir,hOfizi,N,Ir,bOzi,C,Ir,jax,J,Ir,OftOb_0,C,Ir,mOhtOb,C,Ir,sitora,B,Ir,Ob,B,Ir,bOrOn,B,Ir,darjO,B,Ir,hawz,C,Ir,bahar,E,Ar,namak,B,Ir,saN,B,Ir,r’eg,D,Ar,t_SaN,A,Ir,zamin,C,Ir,abr=,C,Ir,tuman,A,Tk,OsmOn,A,Ir,SamOl,B,Ar,barf,B,Ir,jax,B,Ir,dUd,C,Ir,OtaS,A,Tk,xOkIstar,D,Ir,suzOndan,K,Ir,rOh,C,Ir,kuh,C,Ir,surx,B,Ir,sawz,G,Ir,zard,B,Ir,saf’ed_0,B,Ir,sijO,B,Ir,Sab,E,Ir,ruz,E,Ir,sOl,B,Ir,tiramOh,C,Ir,garm=,D,Ir,xunuk,C,Ir,pur,H,Ir,naw,C,Ir,kuhna,A,Ir,naGz,E,Ir,bad,E,Ir,pusida,L,Ir,GaZd,H,Ir,rOst,H,Ir,gird,I,Ir,tez,I,Ir,kund,E,Ir,rUZd,S,Ir,tar,N,Ir,qOq,E,Ir,rOst,H,Ir,nazdik,F,Ir,dur,E,Ir,rOst,B,Ir,t_Sap,B,Ir,nOm,C,Ir,man,B,Ir,tU ,B,Ir,vaj,C,Ir,mO:\,D,Ir,SumO,C,Ir,OnhO,B,Ir,ki:\,B,Ir,t_Si:,F,Ir,darkudZO,F,Ir,kadomvaxt,E,Ir,t_Sxel,G,Ir,nest,C,Ir,,,
T-Nimich 3,jak,B,Ir,dU,B,Ir,se,C,Ir,t_SOhOr,D,Ir,panZ,B,Ir,kalOn,E,Ir,darOz_0,J,Ir,kalOn,Q,Ir,farbe,K,Ir,vazmIn,C,Ir,xUd_0,L,Ir,kutah,F,Ir,taN,N,Ir,pOrik,K,Ir,zan,G,Ir,mard,G,Ir,Odam,A,Ar,kudak,F,Ir,zan,K,Ir,Sawhar,J,Ir,mOdar,D,Ir,padar,G,Ir,hajvOn,B,Ar,mahi,B,Ir,paranda,C,Ir,sag_0,E,Ir,SabuSk,B,Ir,Saparak,E,Ir,mOr,B,Ir,kirm,I,Ir,daraxt,B,Ir,dZangal,K,Ir,dangal,Q,Ir,mIva,B,Ir,txm=,B,Ir,barg,B,Ir,reSa,B,Ir,pust,C,Ir,g5=,A,Ir,alaf,H,Ir,band,I,Ir,pust,B,Ir,guSt,B,Ir,xun,A,Tk,astaGUn,B,Ir,rUGan,E,Ir,tx@m,C,Ir,SOx,B,Ir,dm=,B,Ir,par,D,Ir,mU,C,Ir,sar,C,Ir,guS,B,Ir,t_Sm=,C,Ir,bini:,D,Ir,dahOn,C,Ir,dandOn,B,Ir,zabOn,B,Ir,nOxun,B,Ir,pO,C,Ir,zOnU,D,Ir,dast,B,Ir,par,E,Ir,Skam,E,Ir,gardan,C,Ir,puSt,G,Ir,sina,G,Ir,dl=,B,Ir,dZigar,B,Ir,nuSidan,B,Ir,xurdan,E,Ir,gazidan,F,Ir,makidan,D,Ir,tuf,B,Ir,puf,G,Ir,nafas,B,Ir,xandidan,C,Ir,didan,B,Ir,S@nidan,H,Ir,dOnistan,C,Ir,figr=,E,Ar,bU,E,Ir,tarsidan,B,Ir,xOwraftan,C,Ir,zindagi,H,Ir,mr=dan,B,Ir,k@Stan,B,Ir,muboriza,I,Ir,SikOr,F,Ir,zadan,J,Ir,buridan,C,Ir,t’ela,D,Ir,x@rOSidan,H,Ir,kOftan,B,Ir,ObOzi,F,Ir,parvOz,C,Ir,raftan,D,Ir,Omadan,B,Ir,darOz,D,Ir,SiStan,B,Ir,rOst,B,Ir,tOw,L,Ir,aftodan,H,Ir,dodan,B,Ir,qapidan,F,Ir,t_Sqidan,J,Ir,S}stan,B,Ir,tOza,L,Ir,,,,partOftan,G,Ir,bastan,G,Ir,duxtan,D,Ir,guftan,G,Ir,bajt,O,Ir,bOzi,C,Ir,x@n@k,I,Ir,aftOw,C,Ir,mahtOw,C,Ir,sitora,B,Ir,OB,B,Ir,bOrOn,B,Ir,darjO,B,Ir,khul,B,Tk,bahar,E,Ar,namak,B,Ir,saN,B,Ir,q3m,A,Tk,gard,G,Ir,z@mIn,C,Ir,aBr,C,Ir,tuman,A,Tk,OsmOn,A,Ir,SamOl,B,Ar,barf,B,Ir,jax,B,Ir,dud_0,C,Ir,alOw,C,Ir,xOkIstar,D,Ir,suxtan,I,Ir,rah,C,Ir,kh=,C,Ir,s@rx,B,Ir,sawz,G,Ir,zard,B,Ir,sfed_0,B,Ir,sijah,B,Ir,SaB,E,Ir,ruz,E,Ir,sOl,B,Ir,tiramOh,C,Ir,garm,D,Ir,x@n@k,C,Ir,pr=,H,Ir,naw,C,Ir,k@hna,A,Ir,xUb_0,D,Ir,ganda,F,Ir,pusidagi,L,Ir,GajdZ,H,Ir,rOst,H,Ir,gird,I,Ir,tez,I,Ir,kUnd_0,E,Ir,rZ=d,S,Ir,tar,N,Ir,qOq,E,Ir,rOst,H,Ir,qarib_0,G,Ar,dur,E,Ir,rOst,B,Ir,t_Sap,B,Ir,nUm,C,Ir,man,B,Ir,tU,B,Ir,U,A,Ir,mO,D,Ir,SumO,C,Ir,OnhO,B,Ir,ki:,B,Ir,t_Si:,F,Ir,darkudZO,F,Ir,kaj,D,Ir,t_Sxel,G,Ir,nest,C,Ir,digar,E,Ir
T-Nimich 4,jak,B,Ir,d@,B,Ir,se,C,Ir,t_SOr,C,Ir,panZ,B,Ir,kalOn,E,Ir,darOz_0,J,Ir,pahn,D,Ir,Gafs,H,Ir,vazmin,C,Ir,majda,J,Ir,kutah,F,Ir,bOrik,M,Ir,pat_S@q,M,Ir,zanak,J,Ir,mardak,H,Ir,Odam,A,Ar,kudak,F,Ir,zan,K,Ir,mard,L,Ir,at_Sa,G,Ir,avvO,F,Ir,hajwOn,B,Ar,mOhi,B,Ir,paranda,C,Ir,sag,E,Ir,Sp@S,B,Ir,paSapar@k,D,Ir,mOr,B,Ir,k@r@m,I,Ir,d@raxt,B,Ir,dZangal,K,Ir,tIjOq,A,Tk,meva,B,Ir,tuxmi,B,Ir,,,,reSa,B,Ir,pustlOq,B,Ir,gl=,A,Ir,alaf,H,Ir,band,I,Ir,pust,B,Ir,guSt,B,Ir,xun,A,Tk,astaGUn,B,Ir,ruGan,E,Ir,tx@m,C,Ir,SOx,B,Ir,dm=,B,Ir,par,D,Ir,mU:\,C,Ir,sar,C,Ir,guS,B,Ir,t_Sm=,C,Ir,b@ni:,D,Ir,dahan,C,Ir,dandun,B,Ir,z@hUn,B,Ir,nOxun,B,Ir,pO,C,Ir,zOnI,D,Ir,d@st,B,Ir,par,E,Ir,Skam,E,Ir,gardan,C,Ir,p@St,G,Ir,sina,G,Ir,dl=,B,Ir,dZigar,B,Ir,nuSidan,B,Ir,xurdan,E,Ir,gazidan,F,Ir,makidan,D,Ir,tuf,B,Ir,puf,G,Ir,nafas,B,Ir,xandidan,C,Ir,didan,B,Ir,Snavidan,H,Ir,dunistan,C,Ir,fikr=,E,Ar,bU,E,Ir,tarsidan,B,Ir,xOwkardan,C,Ir,zindagi,H,Ir,mr=dan,B,Ir,kS=tan,B,Ir,muboriza,I,Ir,SkOr,F,Ir,zadan,J,Ir,buridan,C,Ir,tela,D,Ir,x@rOSidan,H,Ir,kOftan,B,Ir,ObOzi,F,Ir,parvOz,C,Ir,raftan,D,Ir,umadan,B,Ir,darOz,D,Ir,SiStan,B,Ir,istodan,D,Ir,t_Sarx,H,Ir,uftodan,H,Ir,dodan,B,Ir,qapidan,F,Ir,dZ@qidan,J,Ir,SuStan,B,Ir,pOk,I,Ir,kaSidan,B,Ir,partOftan,G,Ir,bastan,G,Ir,duxtan,D,Ir,guftan,G,Ir,hOfizi,N,Ir,bOzi,C,Ir,x@n@k,I,Ir,aftOw,C,Ir,mahtOw,C,Ir,sitora,B,Ir,OB,B,Ir,bOrUn,B,Ir,darjO,B,Ir,kul,B,Tk,bahar,E,Ar,n@m@k,B,Ir,saN,B,Ir,q3m,A,Tk,gard,G,Ir,z@min,C,Ir,avr,C,Ir,tuman,A,Tk,OsmOn,A,Ir,SamOl,B,Ar,barf,B,Ir,jax,B,Ir,dUd_0,C,Ir,alOw,C,Ir,xOkIstar,D,Ir,dargirondan,H,Ir,rah,C,Ir,kh=,C,Ir,s@rx,B,Ir,sawz,G,Ir,zard,B,Ir,sfed_0,B,Ir,sijOh,B,Ir,Sav,E,Ir,ruz,E,Ir,sOl,B,Ir,tiramOh,C,Ir,garm,D,Ir,x@n@k,C,Ir,pr=,H,Ir,naw,C,Ir,k@hna,A,Ir,xUp,D,Ir,ganda,F,Ir,pusidagi,L,Ir,GajdZ,H,Ir,rOst,H,Ir,gr=d,I,Ir,tez,I,Ir,k}nd,E,Ir,rZ=d,S,Ir,tar,N,Ir,qOq,E,Ir,rOst,H,Ir,qarip,G,Ar,dur,E,Ir,rOst,B,Ir,t_Sap,B,Ir,num,C,Ir,mn=,B,Ir,t@,B,Ir,U,A,Ir,mO,D,Ir,SmO,C,Ir,UwO,E,Ir,ki:,B,Ir,t_Si:,F,Ir,dark}dZO,F,Ir,kaj,D,Ir,t_Sxel,G,Ir,nest,C,Ir,d@gar,E,Ir
T-Novmetan 1,jakta,C,Ir,dutta,C,Ir,s’eta,D,Ir,t_SOrta,D,Ir,pan’Zta,C,Ir,kalOn,E,Ir,m}l,L,Ir,darOz,S,Ir,GaGs,H,Ir,vazbin,C,Ir,majda,J,Ir,ka5ta,B,Ir,,,,,,,zan,G,Ir,,,,Odam,A,Ar,bat_Sa,G,Ir,zan,K,Ir,S}j,I,Ir,Ona,A,Tk,dada,H,Ir,hajvOn,B,Ar,mahi,B,Ir,mur@G_0,E,Ir,kut_Suk,B,Ir,,,,,,,mOr,B,Ir,kirim,I,Ir,daraxt,B,Ir,,,,t_S}p,F,Ir,zardolo,H,Ir,urux,C,Tk,barg_0,B,Ir,ildiz_0,D,Tk,p}stlOq,B,Ir,gul,A,Ir,alaf,H,Ir,r’espO~,G,Ir,t_Sarm,D,Ir,g}St,B,Ir,xun,A,Tk,syjak,A,Tk,r}han,E,Ir,txum,C,Ir,SOx,B,Ir,dum,B,Ir,paS,D,Ir,m}j,C,Ir,sar,C,Ir,g}S,B,Ir,t_SiS,C,Ir,bindi,D,Ir,dahan,C,Ir,dandO~n,B,Ir,zubO~,B,Ir,nOxun,B,Ir,pOj,C,Ir,budZulak,E,Ir,dast,B,Ir,dast,F,Ir,iSkam,E,Ir,gardan,C,Ir,mijOn,I,Ir,si:\na,G,Ir,dil,B,Ir,dZigar,B,Ir,,,,x}r,E,Ir,gaz_0,F,Ir,mak,D,Ir,tuf,B,Ir,puf,G,Ir,nafas,B,Ir,xanda,C,Ir,didan,B,Ir,fa:\midan,G,Ir,,,,}jla,A,Tk,b}j,E,Ir,tarsidan,B,Ir,xOraw,C,Ir,,,,mUrd_0,B,Ir,kuSt,B,Ir,dZaN_0,H,Ir,axota,G,Ru,zad_0,J,Ir,buridan,C,Ir,t’ela,D,Ir,xandZOl,J,Ir,kandan,C,Ir,ObOzi,F,Ir,paridan,B,Ir,raftan,D,Ir,Omdan,B,Ir,xOraftan,C,Ir,SiStan,B,Ir,xestan,C,Ir,girt,K,Ir,Galtidan,J,Ir,dodan,B,Ir,dast,E,Ir,paS,E,tK,S}Stan,B,Ir,pok,I,Ir,kaSidan,B,Ir,avO,H,Ir,bastan,G,Ir,d}xtan,D,Ir,gap,G,Ir,,,,bOzi,C,Ir,xunuk,I,Ir,OftOb_0,C,Ir,ma,B,Ir,stOra,B,Ir,Ob_0,B,Ir,bOrOn,B,Ir,dZ}j,K,Ir,hawz_0,C,Ir,darjO,C,Ir,namak,B,Ir,saN_0,B,Ir,reg_0,D,Ar,t_SaN_0,A,Ir,zamin,C,Ir,,,,tuman,A,Tk,OspOn,A,Ir,SamOl,B,Ar,barf,B,Ir,jax,B,Ir,tutun,A,Tk,Olaw,C,Ir,kul,A,Tk,girOn,H,Ir,rah,C,Ir,tOG_0,A,Tk,surx,B,Ir,kab1t,F,Ir,zart,B,Ir,saf’ed_0,B,Ir,sijO,B,Ir,Sap,E,Ir,r}z_0,E,Ir,sol,B,Ir,tiramO,C,Ir,garm,D,Ir,xunuk,C,Ir,,,,naw,C,Ir,k}na,A,Ir,sara,F,Ir,ganda,F,Ir,ganda,N,Ir,raswO,M,Ir,t}Gri,B,Tk,g1rda,I,Ir,t’Iz_0,I,Ir,kund_0,E,Ir,,,,tar,N,Ir,xuSk,D,Ir,t}Gri,B,Tk,nazik,F,Ir,dur,E,Ir,rOst,B,Ir,t_Sap,B,Ir,nO~m,C,Ir,m’En,B,Ir,tu,B,Ir,in,D,Ir,mOhO,E,Ir,SumO:,C,Ir,unO,D,Ir,ki,B,Ir,,,,gidZ’oba,E,Ir,kaj,D,Ir,t_Sinaw,M,Ir,ne,B,Ir,digar,E,Ir
T-Nûshor 1,jak,B,Ir,d2,B,Ir,se,C,Ir,t_SOr,C,Ir,panZ,B,Ir,kalOn,E,Ir,darOz,J,Ir,kuSOd,O,Ir,GaBs,H,Ir,vazmIn,C,Ir,majda,J,Ir,kutOh,F,Ir,bOrik,M,Ir,bOrik,K,Ir,zan,G,Ir,mard,G,Ir,Odam,A,Ar,kudak,F,Ir,zanak,L,Ir,mardak,M,Ir,Ot_Sa,G,Ir,padar,G,Ir,hajBOn,B,Ar,mOhi,B,Ir,mUrG_0,E,Ir,sag,E,Ir,Sp@S,B,Ir,paSapar@k,D,Ir,mOr,B,Ir,kirm=,I,Ir,daraxt,B,Ir,dZangal,K,Ir,t_Supdast,F,Ir,meva,B,Ir,tuxmi,B,Ir,barg,B,Ir,reSa,B,Ir,pustlOq,B,Ir,gl=,A,Ir,alaf,H,Ir,band,I,Ir,pust,B,Ir,guSt,B,Ir,xun,A,Tk,astaGUn,B,Ir,rawGan,E,Ir,txUm,C,Ir,SOx,B,Ir,dm=,B,Ir,par,D,Ir,mUj,C,Ir,sar,C,Ir,guS,B,Ir,t_SaSm=,C,Ir,bini:,D,Ir,dahOn,C,Ir,dandOn,B,Ir,zabOn,B,Ir,nOxun,B,Ir,pOj,C,Ir,zO?nU,D,Ir,dast,B,Ir,bO5,D,Ir,iSkam,E,Ir,gardan,C,Ir,puSt,G,Ir,sina,G,Ir,dil,B,Ir,dZigar,B,Ir,nuSidan,B,Ir,xurdan,E,Ir,gazidan,F,Ir,makidan,D,Ir,tuf,B,Ir,dut,E,Ru,nafas,B,Ir,xandidan,C,Ir,didan,B,Ir,Snavidan,H,Ir,dOnistan,C,Ir,figr=,E,Ar,b}j,E,Ir,tarsidan,B,Ir,xObSidan,C,Ir,zindagi,H,Ir,murdan,B,Ir,kS=tan,B,Ir,muboriza,I,Ir,SikOr,F,Ir,zadan,J,Ir,b@ridan,C,Ir,t’ela,D,Ir,kandan,K,Ir,kOftan,B,Ir,ObOzi,F,Ir,parvOz,C,Ir,raftan,D,Ir,Omadan,B,Ir,xOb,C,Ir,SiStan,B,Ir,istodan,D,Ir,tOftan,L,Ir,uftodan,H,Ir,dodan,B,Ir,qapidan,F,Ir,dZ@qidan,J,Ir,S}stan,B,Ir,ruftan,K,Ir,drOz,D,Ir,partOftan,G,Ir,bastan,G,Ir,duxtan,D,Ir,guftan,G,Ir,hOfizi,N,Ir,bOzi,C,Ir,x@n@k,I,Ir,aftow,C,Ir,mahtOw,C,Ir,sitora,B,Ir,Ow,B,Ir,bOrUn,B,Ir,darjO,B,Ir,hawz,C,Ir,bah6r,E,Ar,namak,B,Ir,saN,B,Ir,r’eg_0,D,Ar,gard_0,G,Ir,z@min,C,Ir,abr=,C,Ir,tuman,A,Tk,OsmOn,A,Ir,SamOl,B,Ar,barf,B,Ir,jax,B,Ir,dUd_0,C,Ir,alOw,C,Ir,xOkIstar,D,Ir,suxtan,I,Ir,rOh,C,Ir,kh=,C,Ir,s@rx,B,Ir,sawz,G,Ir,zard_0,B,Ir,saf’Ed_0,B,Ir,sijOh,B,Ir,Sab,E,Ir,ruz,E,Ir,sOl,B,Ir,tiramOh,C,Ir,garm=,D,Ir,x@nUk,C,Ir,pr=,H,Ir,naw,C,Ir,k@hna,A,Ir,naGz,E,Ir,ganda,F,Ir,pusida,L,Ir,GaZd,H,Ir,rOstaki,I,Ir,gird,I,Ir,tez,I,Ir,kUnd,E,Ir,,,,tar,N,Ir,qOq,E,Ir,rOst,H,Ir,nazdik,F,Ir,dur,E,Ir,rOst,B,Ir,t_Sap,B,Ir,nOm,C,Ir,man,B,Ir,tu,B,Ir,On,B,Ir,mO,D,Ir,SmO,C,Ir,UwO,E,Ir,ki:,B,Ir,t_Si:,F,Ir,darkudZO,F,Ir,kaj,D,Ir,t_Sxel,G,Ir,ne,B,Ir,digar,E,Ir
T-Nûshor 2,jak,B,Ir,du,B,Ir,se,C,Ir,t_SOr,C,Ir,panZ,B,Ir,kalOn,E,Ir,bisjOr,K,Ir,pahn,M,Ir,farbe,K,Ir,vazmin,C,Ir,xUrd,L,Ir,kutOh,F,Ir,pOrik,M,Ir,pOrik,K,Ir,zan,G,Ir,mard,G,Ir,Odam,A,Ar,kudak,F,Ir,zan,K,Ir,Sawhar,J,Ir,mOdar,D,Ir,padar,G,Ir,hajvOn,B,Ar,mOhi,B,Ir,paranda,C,Ir,sag,E,Ir,,,,paSapar}k,D,Ir,mOr,B,Ir,kirm=,I,Ir,daraxt,B,Ir,dZangal,K,Ir,kaltak,O,Ir,meva,B,Ir,tuxmi,B,Ir,barg,B,Ir,reSa,B,Ir,pust,C,Ir,gUl,A,Ir,alaf,H,Ir,band,J,Ir,pust,B,Ir,guSt,B,Ir,xun,A,Tk,astaGUn,B,Ir,rawGan,E,Ir,tuxum,C,Ir,SOx,B,Ir,dUm,B,Ir,par,D,Ir,mUj,C,Ir,sar,C,Ir,guS,B,Ir,t_SaSm=,C,Ir,bini:,D,Ir,dahOn,C,Ir,dandOn,B,Ir,zabOn,B,Ir,nOxun,B,Ir,pOj,C,Ir,zO:\nU,D,Ir,dast,B,Ir,taf,C,Ir,Sikam,E,Ir,gardan,C,Ir,puSt,G,Ir,sina,G,Ir,dil,B,Ir,,,,Obburdan,D,Ir,xurdan,E,Ir,gazidan,F,Ir,makidan,D,Ir,tuf,B,Ir,havo,F,Ir,nafas,B,Ir,xandidan,C,Ir,didan,B,Ir,guS,J,Ir,fahmidan,D,Ir,figr=,E,Ar,b}j,E,Ir,tarsidan,B,Ir,xObkardan,C,Ir,zindagi,H,Ir,murdan,B,Ir,kS=tan,B,Ir,dZaN,H,Ir,,,,zadan,J,Ir,buridan,C,Ir,t’ela,D,Ir,kandan,K,Ir,,,,ObOzi,F,Ir,paridan,B,Ir,biU,F,Ir,biU,C,Ir,xOb,C,Ir,SiStan,B,Ir,istodan,D,Ir,tOb_0,L,Ir,uftodan,H,Ir,dodan,B,Ir,qapidan,F,Ir,dZapidan,J,Ir,S}jdan,C,Ir,ruftan,K,Ir,kaSidan,B,Ir,partOftan,G,Ir,,,,duxtan,D,Ir,guftan,G,Ir,xOndan,M,Ir,bOzi,C,Ir,xUnUk,I,Ir,OftOb_0,C,Ir,mahtOb,C,Ir,sitora,B,Ir,Ow,B,Ir,bOrOn,B,Ir,darjO,B,Ir,khul,B,Tk,bahar,E,Ar,namak,B,Ir,saN,B,Ir,xOq,E,Ir,gard,G,Ir,zamin,C,Ir,abr=,C,Ir,tuman,A,Tk,OsmOn,A,Ir,SamOl,B,Ar,barf,B,Ir,jax,B,Ir,dUd_0,C,Ir,alOw,C,Ir,,,,dargirUndan,H,Ir,rOh,C,Ir,kUh,C,Ir,sUrx,B,Ir,kabud,F,Ir,zard,B,Ir,saf’ed_0,B,Ir,sijOh,B,Ir,Sab,E,Ir,ruz,E,Ir,sOl,B,Ir,tiramOh,C,Ir,garm,D,Ir,xUnUk,C,Ir,pur,H,Ir,naw,C,Ir,kUhna,A,Ir,naGz,E,Ir,ganda,F,Ir,buj,O,Ir,dZazir,O,Ir,rOst,H,Ir,gird,I,Ir,tez,I,Ir,kUnd,E,Ir,rIZd,S,Ir,tar,N,Ir,qOq,E,Ir,tUGri,B,Tk,nazdik,F,Ir,dur,E,Ir,rOst,B,Ir,t_Sab_0,B,Ir,nOm,C,Ir,man,B,Ir,,,,,,,,,,SumO,C,Ir,OnhO,B,Ir,ki:,B,Ir,t_Si:,F,Ir,kudZO,C,Ir,kaj,D,Ir,,,,nest,C,Ir,digar,E,Ir
T-Nûshor 3,jak,B,Ir,d2,B,Ir,se,C,Ir,t_SOr,C,Ir,panZ_0,B,Ir,kalOn,E,Ir,drOz,J,Ir,kSOt,O,Ir,Gaws,H,Ir,vazmin,C,Ir,majda,J,Ir,kutah,F,Ir,bOrik,M,Ir,t}n}k,L,Ir,zanak,J,Ir,mardak,H,Ir,Odam,A,Ar,kudak,F,Ir,zan,K,Ir,SU:,I,Ir,at_Sa,G,Ir,aBO,F,Ir,hajvOn,B,Ar,mahi,B,Ir,paranda,C,Ir,sag_0,E,Ir,S@p@S,B,Ir,paSapar@k,D,Ir,mOr,B,Ir,kirm=,I,Ir,daraxt,B,Ir,dZangal,K,Ir,dangal,Q,Ir,meva,B,Ir,,,,,,,reSa,B,Ir,pust,C,Ir,gl=,A,Ir,alaf,H,Ir,band,I,Ir,pust,B,Ir,guSt,B,Ir,xun,A,Tk,astaGUn,B,Ir,rUGan,E,Ir,tx@m,C,Ir,SOx,B,Ir,dUm,B,Ir,par,D,Ir,mU,C,Ir,sar,C,Ir,guS,B,Ir,t_Sm=,C,Ir,b@ni:,D,Ir,dahan,C,Ir,dandUn,B,Ir,z@hUn,B,Ir,nOxun,B,Ir,pO,C,Ir,zOnu,D,Ir,d@st,B,Ir,taf,C,Ir,Skam,E,Ir,gardan,C,Ir,mijUn,I,Ir,sina,G,Ir,dl=,B,Ir,dZigar,B,Ir,xurdan,C,Ir,xurdan,E,Ir,gazidan,F,Ir,makidan,D,Ir,tf=,B,Ir,puf,G,Ir,nafas,B,Ir,xandidan,C,Ir,didan,B,Ir,S@nidan,H,Ir,dUnistan,C,Ir,figr=,E,Ar,bU,E,Ir,tarsidan,B,Ir,xOwSidan,C,Ir,zindagi,H,Ir,mr=dan,B,Ir,kS=tan,B,Ir,muboriza,I,Ir,SkOr,F,Ir,zadan,J,Ir,b@ridan,C,Ir,t’ela,D,Ir,x@roSidan,H,Ir,kandan,C,Ir,SinO,G,Ir,paridan,B,Ir,raftan,D,Ir,Umadan,B,Ir,xOb,C,Ir,SiStan,B,Ir,t_Sx=t,E,Ir,fr=,J,Ir,uftodan,H,Ir,dodan,B,Ir,qapidan,F,Ir,xOjdan,K,Ir,Suwidan,C,Ir,tOza,L,Ir,kaSidan,B,Ir,partOftan,G,Ir,bastan,G,Ir,duxtan,D,Ir,gap,G,Ir,hOfizi,N,Ir,bOzi,C,Ir,xn@k,I,Ir,aftow,C,Ir,mahtOw,C,Ir,sitora,B,Ir,Ow,B,Ir,bOrUn,B,Ir,darjO,B,Ir,hawz,C,Ir,bah6r,E,Ar,n@m@k,B,Ir,saN,B,Ir,qm=,A,Tk,gard,G,Ir,zmin,C,Ir,aBr=,C,Ir,tuman,A,Tk,OsmUn,A,Ir,SamOl,B,Ar,barf,B,Ir,jax,B,Ir,dUd_0,C,Ir,alOw,C,Ir,xOkIstar,D,Ir,suxtan,I,Ir,rah,C,Ir,pS=ta,E,Ir,s@rx,B,Ir,sawz,G,Ir,zard_0,B,Ir,sfet,B,Ir,sijOh,B,Ir,Saw,E,Ir,ruz,E,Ir,sOl,B,Ir,tiramOh,C,Ir,garm,D,Ir,x@n@k,C,Ir,p@r6,G,Ir,naw,C,Ir,k@hn6,A,Ir,xUb,D,Ir,ganda,F,Ir,pusidagi,L,Ir,GaZd,H,Ir,rOstaki,I,Ir,gr=d,I,Ir,tez,I,Ir,k@nd,E,Ir,rZ=d,S,Ir,tar,N,Ir,qOq,E,Ir,tUGri,B,Tk,qarib_0,G,Ar,dur,E,Ir,rOst,B,Ir,t_Sap,B,Ir,num,C,Ir,m@n,B,Ir,t@,B,Ir,U,A,Ir,mO,D,Ir,SUmO,C,Ir,uvO,E,Ir,ki:,B,Ir,t_Si:,F,Ir,darkudZO,F,Ir,kaj,D,Ir,t_SxIl,G,Ir,ne,B,Ir,digar,E,Ir
T-Rishtan 1,jak,B,Ir,d2,B,Ir,s’e,C,Ir,t_SOr,C,Ir,panZ,B,Ir,kalOn,E,Ir,dur,I,Ir,farOq,T,Ir,farb’e,K,Ir,vazmIn,C,Ir,majda,J,Ir,,,,taN,N,Ir,xarOp,N,Ir,zanak,J,Ir,mardak,H,Ir,Odam,A,Ar,bat_Sa,G,Ir,zan,K,Ir,Su:,I,Ir,b2vi,F,Ir,d2dO,H,Ir,hajwOn,B,Ar,mahi:\,B,Ir,paranda,C,Ir,kut_Sik,B,Ir,S2S,C,Ir,,,,mur,B,Ir,k@r@m,I,Ir,daraxt,B,Ir,urmOn,A,Tk,kaltak,O,Ir,m’eva,B,Ir,dOn,I,Ir,barg_0,B,Ir,reSa,B,Ir,pustlOq,B,Ir,gyl,A,Ir,alaf,H,Ir,arGamt_Sin,H,Ir,pust,B,Ir,gu:St,B,Ir,xun,A,Tk,ystohOn,B,Ir,rUGan,E,Ir,txum,C,Ir,SOx,B,Ir,dym,B,Ir,par,D,Ir,mu:,C,Ir,sar,C,Ir,gu:S,B,Ir,t_SaS@m,C,Ir,binn@,D,Ir,dahan,C,Ir,dandO~n,B,Ir,zabOn,B,Ir,nOxun,B,Ir,pOt_Sik,D,Ir,zOnU,D,Ir,dast,B,Ir,qanOt,A,Tk,iSkam,E,Ir,,,,mijOn,I,Ir,si:na,G,Ir,dil,B,Ir,dZigar,B,Ir,nuSidan,B,Ir,xurdan,E,Ir,gazidan,F,Ir,makidan,D,Ir,tuf,B,Ir,puf,G,Ir,nafas,B,Ir,xandidan,C,Ir,didan,B,Ir,Synidan,H,Ir,dOnistan,C,Ir,uj,A,Tk,buj,E,Ir,tarsidan,B,Ir,xOb_0raftan,C,Ir,zindagi,H,Ir,mr=dan,B,Ir,kS=tan,B,Ir,dZaN,H,Ir,Ow,E,Tk,zadan,J,Ir,buridan,C,Ir,tela,D,Ir,kandan,K,Ir,koftan,B,Ir,randa,H,Ir,paridan,B,Ir,raftan,D,Ir,Omadan,B,Ir,xOb,C,Ir,SiStan ,B,Ir,xestan,C,Ir,t_Sarh,H,Ir,Galtidan,J,Ir,dodan,B,Ir,qabidan,F,Ir,sxmiS,C,Tk,Systan,B,Ir,pOk,I,Ir,kaSidan,B,Ir,GOrUndan,I,Ir,bastan,G,Ir,duxtan,D,Ir,gav,G,Ir,,,,bOzi,C,Ir,xunuk,I,Ir,oftOp,C,Ir,mOh,B,Ir,sitora,B,Ir,ob_0,B,Ir,bOrOn,B,Ir,darjO,B,Ir,kul,B,Tk,bahar,E,Ar,namak,B,Ir,saN,B,Ir,reg_0,D,Ar,t_SaN,A,Ir,zamIn,C,Ir,bUlUt,A,,tuman,A,Tk,OsmOn,A,Ir,SamOl,B,Ar,barf,B,Ir,jax,B,Ir,dyd_0,C,Ir,QlOb_0,C,Ir,xOkistar,D,Ir,darg’erundan,H,Ir,rah,C,Ir,kUh,C,Ir,syrx,B,Ir,zangOr,C,Ir,zard,B,Ir,saf’ed_0,B,Ir,sijO,B,Ir,t_Shab_0,E,Ir,ruz_0,E,Ir,shOl,B,Ir,,,,garm,D,Ir,xunyk,C,Ir,pyr@,G,Ir,naw,C,Ir,kuhna,A,Ir,naGz,E,Ir,ganda,F,Ir,posidagi,L,Ir,t_Sirkin,I,Ir,tuGr@,B,Tk,kulula,G,Ir,t’ez_0 ,I,Ir,kund_0,E,Ir,tikkiz_0,A,Tk,thar,N,Ir,xuSk,D,Ir,tuGr@,B,Tk,nazdik,F,Ir,dur,E,Ir,rOst,B,Ir,t_Sap,B,Ir,nOm,C,Ir,man,B,Ir,tU,B,Ir,vaj,C,Ir,mo,D,Ir,,,,vajhO,C,Ir,ki,B,Ir,s’e:\,F,Ir,gudZOnda,D,Ir,kaj,D,Ir,t_S’it’in,N,Ir,ne,B,Ir,digar,E,Ir
T-Rishtan 2,jak,B,Ir,du,B,Ir,se,C,Ir,t_SOr,C,Ir,panZ,B,Ir,kalOn,E,Ir,,,,farOq,T,Ir,GaBs,H,Ir,vazmin,C,Ir,majda,J,Ir,kalta,B,Ir,tOr,A,Ir,bOrik,K,Ir,zan,G,Ir,mard,G,Ir,Odam,A,Ar,bat_Sa,G,Ir,zan,K,Ir,Su:,I,Ir,b@v@,F,Ir,dOdO,H,Ir,hajBOn,B,Ar,bal@k,A,Tk,t_SImt_SIk,B,Tk,kut_Suk,B,Ir,SyS,C,Ir,,,,mur,B,Ir,kr=m,I,Ir,daraxt,B,Ir,urmOn,A,Tk,kaltak,O,Ir,m’eva,B,Ir,txum,B,Ir,barg,B,Ir,reSa,B,Ir,pustlOq,B,Ir,gyl,A,Ir,alaf,H,Ir,arGamt_Sin,H,Ir,pust,B,Ir,guSt,B,Ir,xUn,A,Tk,yst@GOn,B,Ir,ruGan,E,Ir,tuxUm,C,Ir,SOx,B,Ir,dym,B,Ir,pat,D,Ir,mu:,C,Ir,sar,C,Ir,guS,B,Ir,t_SaS@m,C,Ir,bi:\ni,D,Ir,dahOn,C,Ir,dandOn,B,Ir,zabOn,B,Ir,nOxUn,B,Ir,pOt_Sik,D,Ir,zOnU,D,Ir,dast,B,Ir,qanOt,A,Tk,iSkam,E,Ir,gardan,C,Ir,mijOn,I,Ir,kukrak,B,Tk,dιl,B,Ir,dZigar,B,Ir,nuSidan,B,Ir,xurdan,E,Ir,gazidan,F,Ir,makidan,D,Ir,tuf,B,Ir,puf,G,Ir,nafas,B,Ir,xandidan,C,Ir,didan,B,Ir,guS,J,Ir,dOnistan,C,Ir,uj,A,Tk,buj,E,Ir,tarsidan,B,Ir,xOb_0raftan,C,Ir,zindagi,H,Ir,mUrdan,B,Ir,kuStan,B,Ir,dZaN,H,Ir,Ow,E,Tk,zadan,J,Ir,buridan,C,Ir,t’ela,D,Ir,kandan,K,Ir,koftan,B,Ir,jandE,H,Ir,paridan,B,Ir,raftan,D,Ir,Omadan,B,Ir,xOb,C,Ir,SiStan,B,Ir,rOst,B,Ir,t_Sarh,H,Ir,Galtidan,J,Ir,dOdan,B,Ir,qapidan,F,Ir,qapidan,L,Ir,SuStan,B,Ir,pOk,I,Ir,ZZim,E,Ru,GirGOndan,I,Ir,bastan,G,Ir,duxtan,D,Ir,gap,G,Ir,aSula,G,Ir,bOzi,C,Ir,xunuk,I,Ir,OftOb_0,C,Ir,mOh,B,Ir,j1ld1z_0,A,Tk,ob_0,B,Ir,bOrOn,B,Ir,darjO,B,Ir,kul,B,Tk,bah@r,E,Ar,namak,B,Ir,saN,B,Ir,reg_0,D,Ar,t_S{N,A,Ir,zamin,C,Ir,bUlUt,A,Tk,tuman,A,Tk,OsmOn,A,Ir,SamOl,B,Ar,barf,B,Ir,jax,B,Ir,dyd_0,C,Ir,alOb_0,C,Ir,xOkistar,D,Ir,darg’irundan,H,Ir,rQh,C,Ir,kuh,C,Ir,surx,B,Ir,kabut,F,Ir,zard,B,Ir,saf’ed_0,B,Ir,sijO,B,Ir,Sab_0,E,Ir,ruz_0,E,Ir,sOl,B,Ir,,,,garmo,D,Ir,xunuk,C,Ir,p2r,H,Ir,naw,C,Ir,kuhna,A,Ir,naGz,E,Ir,g{nd{,F,Ir,tOsidagi,L,Ir,harOm,N,Ir,tuGr@,B,Tk,klula,G,Ir,tez_0,I,Ir,kund,E,Ir,tekkiz_0,A,Tk,tar,N,Ir,xuSk,D,Ir,tuGr@,B,Tk,nazdik,F,Ir,dur,E,Ir,rOst,B,Ir,t_Sap,B,Ir,nOm,C,Ir,man,B,Ir,tU,B,Ir,vaj,C,Ir,mO,D,Ir,SumO,C,Ir,vajhO,C,Ir,ki,B,Ir,t_Si,F,Ir,gudZOnda,D,Ir,kaj,D,Ir,t_SxEl,G,Ir,n’Est,C,Ir,digar,E,Ir
T-Rishtan 3,jakt@,C,Ir,dytt@,C,Ir,s’eta,D,Ir,t_SOrta,D,Ir,panZ=ta,C,Ir,kalOn,E,Ir,dur,I,Ir,vas’e,N,Ir,Gaws,H,Ir,vazmIn,C,Ir,majda,J,Ir,kalta,B,Ir,kutOh,O,Ir,bOrik,K,Ir,zanak,J,Ir,mardak,H,Ir,Odam,A,Ar,bat_Sa,G,Ir,zanak,L,Ir,Su:,I,Ir,b2v2,F,Ir,dada,H,Ir,hajvOn,B,Ar,mOhi,B,Ir,paranda,C,Ir,kut_Suk,B,Ir,,,,,,,mur,B,Ir,k@r@m,I,Ir,daraxt,B,Ir,daraxzOr,L,Ir,kaltak,O,Ir,m’eva,B,Ir,dOn,I,Ir,barg_0,B,Ir,r’eSa,B,Ir,pustlOq,B,Ir,gyl_0,A,Ir,alaf,H,Ir,arGamt_Sin,H,Ir,pust,B,Ir,gu:St,B,Ir,xUn,A,Tk,yst@GOn,B,Ir,raBGan,E,Ir,txUm,C,Ir,SOx,B,Ir,d2m,B,Ir,par,D,Ir,mu,C,Ir,kalla,B,Tk,guS,B,Ir,t_SaSm=,C,Ir,br=n@,D,Ir,dahan,C,Ir,dandOn,B,Ir,zabOn,B,Ir,nOx@n,B,Ir,pOt_Sik,D,Ir,zOn@,D,Ir,dast,B,Ir,qanOt,A,Tk,iSkam,E,Ir,gardan,C,Ir,taxtapySt,H,Ir,sina,G,Ir,dιl,B,Ir,dZigar,B,Ir,nuSidan,B,Ir,xUrdan,E,Ir,gazidan,F,Ir,makιdan,D,Ir,tuf,B,Ir,pf=,G,Ir,nafas,B,Ir,xandidan,C,Ir,didan,B,Ir,Snawidan,H,Ir,dOnistan,C,Ir,fk@r,E,Ar,bu,E,Ir,tarsidan,B,Ir,xOraftan,C,Ir,zindagi,H,Ir,m2rdan,B,Ir,kyStan,B,Ir,muboriza,I,Ir,SkOr,F,Ir,zadan,J,Ir,b2ridan,C,Ir,tela,D,Ir,kandan,K,Ir,koftan,B,Ir,janda,H,Ir,paridan,B,Ir,raftan,D,Ir,Omadan,B,Ir,xOraftan,C,Ir,SStan,B,Ir,rOst,B,Ir,t_SarG,H,Ir,Galtidan,J,Ir,dOdan,B,Ir,qapidan,F,Ir,z’er,M,Ir,SyStan,B,Ir,pOk,I,Ir,kaSidan,B,Ir,partoftan,G,Ir,bastan,G,Ir,dUxtan,D,Ir,gap,G,Ir,aSul@,G,Ir,bOzi,C,Ir,xunik,I,Ir,OftOb_0,C,Ir,mOh,B,Ir,sitOra,B,Ir,ob_0,B,Ir,bOrOn,B,Ir,darjO,B,Ir,kul,B,Tk,bah@r,E,Ar,namak,B,Ir,saN,B,Ir,reg_0,D,Ar,t_S{N,A,Ir,zam@n,C,Ir,abr=,C,Ir,tuman,A,Tk,OsmOn,A,Ir,SamOl,B,Ar,barf,B,Ir,jax,B,Ir,dyd_0,C,Ir,alOb_0,C,Ir,xOkistar,D,Ir,darg’ιrundan,H,Ir,rah,C,Ir,kyh,C,Ir,syrx,B,Ir,kabut,F,Ir,zard,B,Ir,saf’ed_0,B,Ir,sijOh,B,Ir,tOrikI,F,Ir,ruz_0,E,Ir,sol,B,Ir,,,,gar@m,D,Ir,xunyk,C,Ir,pyr,H,Ir,naw,C,Ir,kuhna,A,Ir,naGz,E,Ir,ganda,F,Ir,tOsdagI,L,Ir,t_Sirkin,I,Ir,tuGr@,B,Tk,kylyl@,G,Ir,t’ez_0,I,Ir,kynd_0,E,Ir,sI55@q,F,Tk,na:\m,B,Tk,xUSk,D,Ir,tuGr@,B,Tk,nazdik,F,Ir,dur,E,Ir,rOst,B,Ir,t_Sap,B,Ir,nOm,C,Ir,man,B,Ir,ty,B,Ir,vaj,C,Ir,mOhO,E,Ir,SumO,C,Ir,vajhO,C,Ir,ki,B,Ir,se:,F,Ir,gudZOnda,D,Ir,kajBa,F,Ir,t_Stin,N,Ir,n’e,B,Ir,,,
T-Shink 1,jak,B,Ir,d2:,B,Ir,se:,C,Ir,t_SOr,C,Ir,panZ,B,Ir,bisjOr,F,Ir,bisjOr,K,Ir,kSOt,O,Ir,Gaws,H,Ir,vazmin,C,Ir,majdik,J,Ir,kalta,B,Ir,taN,N,Ir,bOri,K,Ir,zan,G,Ir,mardak,H,Ir,Odam,A,Ar,bat_Sa,G,Ir,zan,K,Ir,mard,L,Ir,mOdar,D,Ir,padar,G,Ir,hajvOn,B,Ar,mOhi,B,Ir,paranda,C,Ir,sag_0,E,Ir,sab@sk,B,Ir,Saparak,E,Ir,mOr,B,Ir,,,,daraxt,B,Ir,dZangal,K,Ir,t_SOp,F,Ir,meva,B,Ir,tUxm,B,Ir,barg_0,B,Ir,reSa,B,Ir,pUst,C,Ir,g}l,A,Ir,alaf,H,Ir,respOn,G,Ir,pUst,B,Ir,gUSt,B,Ir,xn=,A,Tk,@stUGOn,B,Ir,rOGan,E,Ir,tx=m,C,Ir,SOx,B,Ir,dm=,B,Ir,par,D,Ir,mOj,C,Ir,sar,C,Ir,gUS,B,Ir,t_SaSm,C,Ir,bInI:,D,Ir,dahOn,C,Ir,dandO~n,B,Ir,zabO~n,B,Ir,nOxn=,B,Ir,pOj,C,Ir,zO:n@,D,Ir,dast,B,Ir,qanOt,A,Tk,iSkam,E,Ir,gardan,C,Ir,pISt,G,Ir,sina,G,Ir,dil,B,Ir,dZigar,B,Ir,nUSidan,B,Ir,xUrdan,E,Ir,gazI,F,Ir,makidan,D,Ir,tf=,B,Ir,pf=,G,Ir,nafas,B,Ir,xanda,C,Ir,didan,B,Ir,guS,J,Ir,dOnistan,C,Ir,fikr,E,Ar,nafas,F,Ir,tarsidan,B,Ir,xObraftan,C,Ir,zindagi,H,Ir,m}rdan,B,Ir,k}Stan,B,Ir,gOStin,G,Ir,SkOr,F,Ir,zadan,J,Ir,b@ridan,C,Ir,tela,D,Ir,kandan,K,Ir,kOftan,B,Ir,landa,H,Ir,paridan,B,Ir,raftan,D,Ir,Omadan,B,Ir,xObraftan,C,Ir,SiStan,B,Ir,istOdan,D,Ir,tOw,L,Ir,Galtidan,J,Ir,dOdan,B,Ir,dOStan,E,Ir,madZaq,J,Ir,S}Stan,B,Ir,pOk,I,Ir,k@Sidan,B,Ir,partoftan,G,Ir,bastan,G,Ir,dUxtan,D,Ir,gaf,G,Ir,Ser,P,Ir,bOzi,C,Ir,xunuk,I,Ir,OftOb_0,C,Ir,mOhtOb,C,Ir,stOra,B,Ir,Ob_0,B,Ir,bOrOn,B,Ir,darjO,B,Ir,kUl,B,Tk,bahr,E,Ar,namak,B,Ir,saN,B,Ir,qUm,A,Tk,t_SaN,A,Ir,zamin,C,Ir,avr=,C,Ir,tuman,A,Tk,OsmOn,A,Ir,samOl,B,Ar,barf ,B,Ir,jax,B,Ir,dd=,C,Ir,alOv,C,Ir,xOkistar,D,Ir,sUxtan,I,Ir,rOh,C,Ir,k}h,C,Ir,s}rx,B,Ir,kab1d,F,Ir,zard,B,Ir,saf’Id,B,Ir,sijO,B,Ir,Sap,E,Ir,rUz,E,Ir,sOl,B,Ir,tiramOh,C,Ir,garm,D,Ir,x@nuk,C,Ir,pr=,H,Ir,naw,C,Ir,k}hna,A,Ir,naGz,E,Ir,ganda,F,Ir,,,,t_Sirkin,I,Ir,rOst,H,Ir,l}nda,F,Ir,tIz_0,I,Ir,k}nd_0,E,Ir,hamvOr,T,Ir,tar,N,Ir,x@Sk,D,Ir,tOGrI,B,Tk,nazdIk,F,Ir,dr=,E,Ir,rOst,B,Ir,t_Sap,B,Ir,nOm,C,Ir,man,B,Ir,t2,B,Ir,vaj,C,Ir,mOjOn,E,Ir,SumO,C,Ir,OnhO,B,Ir,kIst,B,Ir,t_Sist,F,Ir,kane,G,Ir,kaj,D,Ir,t_Sxel,G,Ir,nIst,C,Ir,digar,E,Ir
T-Shink 2,jakta,C,Ir,d2tta,C,Ir,se:\ta,D,Ir,t_SOrta,D,Ir,panZta,C,Ir,kalOn,E,Ir,dur,I,Ir,vase,N,Ir,Gafs,H,Ir,vazmin,C,Ir,majda,J,Ir,kutOh,F,Ir,taN,N,Ir,bOrik,K,Ir,zan,G,Ir,mard,G,Ir,Odam,A,Ar,baca,G,Ir,zan,K,Ir,mard,L,Ir,Oca,G,Ir,dOdO,H,Ir,hajvOn,B,Ar,mOhI,B,Ir,paranda,C,Ir,sag_0,E,Ir,Sab@S,B,Ir,Saparak,E,Ir,mOr,B,Ir,kirm,I,Ir,daraxt,B,Ir,dZangal,K,Ir,assO,R,Ar,meva,B,Ir,,,,barg_0,B,Ir,reSa,B,Ir,pust,C,Ir,g}l,A,Ir,alaf,H,Ir,resmOn,G,Ir,pUSt,B,Ir,gUSt,B,Ir,xUn,A,Tk,@st@GOn,B,Ir,ravGan,E,Ir,tx=m,C,Ir,SOx,B,Ir,dm=,B,Ir,par,D,Ir,mUj,C,Ir,sar,C,Ir,gUS,B,Ir,t_SaSm,C,Ir,bIne:,D,Ir,dahOn,C,Ir,dandO~n,B,Ir,zabO~n,B,Ir,nOxUn,B,Ir,pOj,C,Ir,zOnI,D,Ir,dast,B,Ir,qanOt,A,Tk,iSkam,E,Ir,gardan,C,Ir,p}St,G,Ir,sina,G,Ir,dil,B,Ir,dZigar,B,Ir,nuSidan,B,Ir,x}rdan,E,Ir,gazidan,F,Ir,makidan,D,Ir,tf=,B,Ir,pf=,G,Ir,nafas,B,Ir,xandidan,C,Ir,didan,B,Ir,S@nidan,H,Ir,dOnistan,C,Ir,fikr,E,Ar,nafas ,F,Ir,tarsidan,B,Ir,xOb,C,Ir,zindagi,H,Ir,m}rdan,B,Ir,k}Stan,B,Ir,zUri,J,Ir,SikUr,F,Ir,zadan,J,Ir,majda,G,Ir,tela,D,Ir,xarOSidan,H,Ir,kandan,C,Ir,Sino,G,Ir,paridan,B,Ir,raftan,D,Ir,Umadan,B,Ir,xObraftan,C,Ir,SiStan,B,Ir,istOdan,D,Ir,tOb_0,L,Ir,Galtidan,J,Ir,dOdan,B,Ir,qapidan,F,Ir,zer,M,Ir,S}Stan,B,Ir,tOza,L,Ir,kaSidan,B,Ir,partoftan,G,Ir,bastan,G,Ir,dUxtan,D,Ir,gUftan,G,Ir,Ser,P,Ir,bOzi,C,Ir,xunuk,I,Ir,OftOb_0,C,Ir,mOhtOb,C,Ir,sItOra,B,Ir,Ob_0,B,Ir,bOrOn,B,Ir,darjO,B,Ir,kul,B,Tk,bahar,E,Ar,namak,B,Ir,saN,B,Ir,qUm,A,Tk,t_SaN,A,Ir,zamin,C,Ir,abr,C,Ir,tuman,A,Tk,havO,E,Ir,SamOl,B,Ar,barf,B,Ir,jax,B,Ir,dud,C,Ir,alOv,C,Ir,xOkistar,D,Ir,dargirundan,H,Ir,rOh,C,Ir,k}h,C,Ir,s}rx,B,Ir,sabz,G,Ir,zard,B,Ir,safId,B,Ir,sijO,B,Ir,Sab,E,Ir,rUz,E,Ir,sOl,B,Ir,tiramOh,C,Ir,garm,D,Ir,x@nUk,C,Ir,pr=,H,Ir,nav,C,Ir,k}na,A,Ir,naGz,E,Ir,ganda,F,Ir,,,,t_Sirkin,I,Ir,rOst,H,Ir,kulula,G,Ir,tez,I,Ir,k}nd_0,E,Ir,hamvOr,T,Ir,tar,N,Ir,x@Sk,D,Ir,tUGri,B,Tk,nazdIk,F,Ir,dUr,E,Ir,rOst,B,Ir,t_Sap,B,Ir,nOm,C,Ir,man,B,Ir,t2,B,Ir,vaj,C,Ir,mO,D,Ir,SymO,C,Ir,OnhO,B,Ir,ki:,B,Ir,t_Si:,F,Ir,gudZOba,E,Ir,kaj,D,Ir,t_Sxel,G,Ir,ne,B,Ir,digar,E,Ir
T-Shink 3,jak,B,Ir,d2:,B,Ir,s’e:,C,Ir,t_SO:\r,C,Ir,panZ,B,Ir,kalOn,E,Ir,dur,I,Ir,vas’e,N,Ir,Gafs,H,Ir,vazmin,C,Ir,x}rd,L,Ir,kutOh,F,Ir,taN,N,Ir,bOrik,K,Ir,zan,G,Ir,mard,G,Ir,Odam,A,Ar,bat_Sa,G,Ir,zan,K,Ir,SUj,I,Ir,mOdar,D,Ir,padar,G,Ir,hajvOn,B,Ar,mOhI,B,Ir,paranda,C,Ir,sag_0,E,Ir,SaB@S,B,Ir,Saparak,E,Ir,mOr,B,Ir,kirm,I,Ir,daraxt,B,Ir,dZangal,K,Ir,kaltak,O,Ir,meva,B,Ir,tUxm,B,Ir,barg_0,B,Ir,reSa,B,Ir,pUstlOq,B,Ir,g}l,A,Ir,alaf,H,Ir,resmOn,G,Ir,pUst,B,Ir,guSt,B,Ir,xn=,A,Tk,@stUxOn,B,Ir,rawGan,E,Ir,tUxm,C,Ir,SOx,B,Ir,dm=,B,Ir,par,D,Ir,mUj,C,Ir,sar,C,Ir,gUS,B,Ir,t_SaSm,C,Ir,bini:,D,Ir,dahOn,C,Ir,dandO~n,B,Ir,zabO~n,B,Ir,nOxUn,B,Ir,pOj,C,Ir,zO:n@,D,Ir,dast,B,Ir,qanQt,A,Tk,Skam,E,Ir,gardan,C,Ir,p}St,G,Ir,si:na,G,Ir,dil,B,Ir,dZigar,B,Ir,nUSidan,B,Ir,xUrdan,E,Ir,gazidan,F,Ir,makidan,D,Ir,tf=,B,Ir,pf=,G,Ir,nafas,B,Ir,xandidan,C,Ir,didan,B,Ir,guS,J,Ir,dOnistan,C,Ir,fikr,E,Ar,bu,E,Ir,tarsidan,B,Ir,xOwidan,D,Ir,zindagi,H,Ir,m}rdan,B,Ir,k}Stan,B,Ir,mUbOriza,I,Ir,SikOr,F,Ir,zadan,J,Ir,b@ridan,C,Ir,tela,D,Ir,xarOSidan,H,Ir,kOftan,B,Ir,Sino,G,Ir,paridan,B,Ir,raftan,D,Ir,Omadan,B,Ir,xObraftan,C,Ir,SiStan,B,Ir,rOst,B,Ir,gird,K,Ir,aftidan,H,Ir,dOdan,B,Ir,dOStan,E,Ir,S}rdan,N,Ir,S}stan,B,Ir,pOk,I,Ir,kaSidan,B,Ir,partoftan,G,Ir,bastan,G,Ir,dUxtan,D,Ir,gUftan,G,Ir,s}r}d_0,P,Ir,bOzi,C,Ir,xunuk,I,Ir,OftOb_0,C,Ir,mOh,B,Ir,stOra,B,Ir,Ow,B,Ir,bOrOn,B,Ir,darjO,B,Ir,kul,B,Tk,bahr,E,Ar,namak,B,Ir,saN,B,Ir,qUm,A,Tk,t_SaN,A,Ir,zamin,C,Ir,avr,C,Ir,tuman,A,Tk,OsmOn,A,Ir,SamOl,B,Ar,barf,B,Ir,jax,B,Ir,dyd,C,Ir,OtaS,A,Tk,xOkistar,D,Ir,dargirundan,H,Ir,rOh,C,Ir,k}h,C,Ir,s}rx,B,Ir,savz,G,Ir,zard,B,Ir,saf’Id,B,Ir,sijO,B,Ir,Sap,E,Ir,rUz,E,Ir,sOl,B,Ir,tiramOh,C,Ir,garm,D,Ir,x}n}k,C,Ir,pr=,H,Ir,nav,C,Ir,k}hna,A,Ir,naGz,E,Ir,ganda,F,Ir,p@sidagi,L,Ir,t_Sirkin,I,Ir,rOst,H,Ir,l}nda,F,Ir,tez,I,Ir,k}nd_0,E,Ir,hamvOr,T,Ir,tar,N,Ir,x}Sk,D,Ir,tUGri,B,Tk,nazdIk,F,Ir,dr=,E,Ir,rOst,B,Ir,t_Sap,B,Ir,nOm,C,Ir,man,B,Ir,t2,B,Ir,vaj,C,Ir,mOjOn,E,Ir,SymOjOn,D,Ir,OnhO,B,Ir,ki:,B,Ir,t_Si:,F,Ir,kUZO,C,Ir,kaj,D,Ir,t_Sxel,G,Ir,nIst,C,Ir,digar,E,Ir
T-Urmetan 1,jak,B,Ir,du,B,Ir,se,C,Ir,t_SOr,C,Ir,panZ,B,Ir,kalOn,E,Ir,darOz_0,J,Ir,vase,E,Ir,Gafs,H,Ir,vazbin,C,Ir,majda,J,Ir,ka5ta,B,Ir,bo:\rik,G,Ir,xarob_0,N,Ir,zanak,J,Ir,mardak,H,Ir,Odam,A,Ar,bat_Sa,G,Ir,zan,K,Ir,mardak,M,Ir,Ot_Sa,G,Ir,padar,G,Ir,hajvOn,B,Ar,mOhI,B,Ir,paranda,C,Ir,kUt_Suk,B,Ir,S}byS,B,Ir,Saparak,E,Ir,mOr,B,Ir,kirm,I,Ir,daraxt,B,Ir,dZangal,K,Ir,assO,R,Ar,meva,B,Ir,tuxm,B,Ir,barg_0,B,Ir,reSa,B,Ir,pust,C,Ir,gUl,A,Ir,alaf,H,Ir,arGamt_Sin,H,Ir,pUst,B,Ir,guSt,B,Ir,xUn,A,Tk,ystUxOn,B,Ir,ravGan,E,Ir,tuxm,C,Ir,SOx,B,Ir,dUm,B,Ir,par,D,Ir,mUj,C,Ir,kalla,B,Tk,gUS,B,Ir,t_SaSm,C,Ir,binni,D,Ir,dahOn,C,Ir,dandO~n,B,Ir,zabO~n,B,Ir,nOxUn,B,Ir,pOj,C,Ir,zO:n@,D,Ir,dast,B,Ir,qanOt,A,Tk,iSkam,E,Ir,gardan,C,Ir,taxtapuSt,H,Ir,si:na,G,Ir,dil,B,Ir,dZigar,B,Ir,nuSidan,B,Ir,xurdan,E,Ir,gazidan,F,Ir,makidan,D,Ir,tuf,B,Ir,puf,G,Ir,nafas,B,Ir,xandidan,C,Ir,didan,B,Ir,guS,J,Ir,dOnistan,C,Ir,ujla,A,Tk,buj,E,Ir,tarsidan,B,Ir,xObraftan,C,Ir,zindagi,H,Ir,murdan,B,Ir,kuStan,B,Ir,mUbOriza,I,Ir,SikOr,F,Ir,zadan,J,Ir,buridan,C,Ir,tela,D,Ir,GOzidan,L,Ir,kOftan,B,Ir,ObOzi,F,Ir,paridan,B,Ir,raftan,D,Ir,Omadan,B,Ir,xObraftan,C,Ir,SiStan,B,Ir,istex,D,Ir,tOb,L,Ir,Galtidan,J,Ir,dodan,B,Ir,dOStan,E,Ir,,,,S}Stan,B,Ir,tOza,L,Ir,kaSidan,B,Ir,partoftan,G,Ir,bastan,G,Ir,dUxtan,D,Ir,guftan,G,Ir,aSula,G,Ir,bOzi,C,Ir,xunuk,I,Ir,OftOb_0,C,Ir,mOh,B,Ir,sItOra,B,Ir,Ob_0,B,Ir,bOrOn,B,Ir,darjO,B,Ir,kul,B,Tk,bahr,E,Ar,namak,B,Ir,saN,B,Ir,xOk,E,Ir,t_SaN,A,Ir,zamin,C,Ir,abr,C,Ir,tuman,A,Tk,OsmOn,A,Ir,SamOl,B,Ar,barf,B,Ir,jax,B,Ir,dyt,C,Ir,alOb,C,Ir,xOkIstar,D,Ir,dargirundan,H,Ir,rOh,C,Ir,k}h,C,Ir,s}rx,B,Ir,sabz,G,Ir,zard,B,Ir,saf’Id,B,Ir,sijOh,B,Ir,Sab,E,Ir,rUz,E,Ir,sOl,B,Ir,tiramOh,C,Ir,garm,D,Ir,x@nUk,C,Ir,pUr,H,Ir,naw,C,Ir,k}hna,A,Ir,naGz,E,Ir,ganda,F,Ir,pusidagi,L,Ir,t_Sirkin,I,Ir,rOst,H,Ir,davra,J,Ir,tIz,I,Ir,kUnd_0,E,Ir,sillEq,F,Tk,tar,N,Ir,xUSk,D,Ir,tUGri,B,Tk,nazdIk,F,Ir,dUr,E,Ir,rOst,B,Ir,t_Sap,B,Ir,nOm,C,Ir,man,B,Ir,t2,B,Ir,vaj,C,Ir,mO:,D,Ir,SumO:,C,Ir,OnhO,B,Ir,ki:,B,Ir,t_Si:,F,Ir,kudZoba,E,Ir,kajvaxt,G,Ir,t_Sxel,G,Ir,nest,C,Ir,digar,E,Ir
T-Urmetan 2,jak,B,Ir,du,B,Ir,se,C,Ir,t_SOr,C,Ir,panZ,B,Ir,kalOn,E,Ir,,,,vase,E,Ir,Gafs,H,Ir,vazmin,C,Ir,majda,J,Ir,kutOh,F,Ir,bo:\rik,M,Ir,xarob_0,N,Ir,zanak,J,Ir,mard,G,Ir,Odam,A,Ar,kudak,F,Ir,zan,K,Ir,mardak,K,Ir,mOdar,D,Ir,padar,G,Ir,hajvOn,B,Ar,mOhI,B,Ir,paranda,C,Ir,sag,E,Ir,SabuS,B,Ir,,,,mOr,B,Ir,kirm,I,Ir,daraxt,B,Ir,dZangal,K,Ir,assO,R,Ar,meva,B,Ir,,,,,,,,,,pust,C,Ir,gUl,A,Ir,alaf,H,Ir,resmOn,G,Ir,pUst,B,Ir,guSt,B,Ir,x@n,A,Tk,ystUGOn,B,Ir,ravGan,E,Ir,tuxm,C,Ir,SOx,B,Ir,dm=,B,Ir,,,,mUj,C,Ir,sar,C,Ir,gUS,B,Ir,t_SaSm,C,Ir,bine:,D,Ir,dahOn,C,Ir,dandOn,B,Ir,zabOn,B,Ir,nOxOn,B,Ir,pOj,C,Ir,kaleno,F,Ru,dast,B,Ir,qanOt,A,Tk,Skam,E,Ir,gardan,C,Ir,mijOn,I,Ir,si:na,G,Ir,dil,B,Ir,dZigar,B,Ir,nuSidan,B,Ir,xUrdan,E,Ir,gazidan,F,Ir,makidan,D,Ir,tf=,B,Ir,pUf,G,Ir,nafas,B,Ir,xandidan,C,Ir,didan,B,Ir,S@nidan,H,Ir,dOnistan,C,Ir,fikr,E,Ar,his,G,Ir,tarsidan,B,Ir,xObidan,D,Ir,zindagi,H,Ir,m}rdan,B,Ir,k}Stan,B,Ir,mUbOriza,I,Ir,SikOr,F,Ir,zadan,J,Ir,b@ridan,C,Ir,tela,D,Ir,xaroSidan,H,Ir,kOftan,B,Ir,ObOzi,F,Ir,paridan,B,Ir,raftan,D,Ir,Omadan,B,Ir,xObidan,C,Ir,SiStan,B,Ir,istodan,D,Ir,t_Sarx,H,Ir,Galtidan,J,Ir,dOdan,B,Ir,dOStan,E,Ir,qapidan,O,Ir,S}Stan,B,Ir,tOza,L,Ir,kaSidan,B,Ir,partoftan,G,Ir,uz’el,L,Ru,duxtan,D,Ir,guftan,G,Ir,xOndan,M,Ir,bOzi,C,Ir,xunuk,I,Ir,OftOb_0,C,Ir,mahtOb,C,Ir,stOra,B,Ir,Ob,B,Ir,bOrOn,B,Ir,darjO,B,Ir,kul,B,Tk,bahr,E,Ar,namak,B,Ir,saN,B,Ir,qUm,A,Tk,t_SaN,A,Ir,zamin,C,Ir,,,,tuman,A,Tk,OsmOn,A,Ir,samOl,B,Ar,barf,B,Ir,jax,B,Ir,dud_0,C,Ir,alOw,C,Ir,xOkIstar,D,Ir,suzOndan,K,Ir,rOh,C,Ir,kuh,C,Ir,s}rx,B,Ir,kabud,F,Ir,zard,B,Ir,saf’ed,B,Ir,sijOh,B,Ir,Sab,E,Ir,rUz,E,Ir,sOl,B,Ir,tiramOh,C,Ir,garm,D,Ir,x@n@k,C,Ir,p@rra,G,Ir,nav,C,Ir,k}na,A,Ir,naGz,E,Ir,ganda,F,Ir,ganda,N,Ir,t_Sirkin,I,Ir,rOst,H,Ir,gird,I,Ir,t’Iz,I,Ir,k}nd_0,E,Ir,hamvOr,T,Ir,tar,N,Ir,x}Sk,D,Ir,tUGri,B,Tk,nazdIk,F,Ir,dUr,E,Ir,rOst,B,Ir,t_Sap,B,Ir,nOm,C,Ir,man,B,Ir,t2,B,Ir,vaj,C,Ir,mOhO,E,Ir,SumO:,C,Ir,OnhO,B,Ir,k’i:,B,Ir,t_Si:,F,Ir,kane,G,Ir,kaj,D,Ir,t_Sxel,G,Ir,ne,B,Ir,digar,E,Ir
T-Urmetan 3,jaktQ,C,Ir,d2ttQ,C,Ir,seta,D,Ir,t_SOr,C,Ir,panZ,B,Ir,kalOn,E,Ir,davOmnOk,L,Ir,vase,E,Ir,Gafs,H,Ir,vazmin,C,Ir,majdajak,K,Ir,kutOh,F,Ir,taN_0,N,Ir,bOrik,K,Ir,zan,G,Ir,mard,G,Ir,Odam,A,Ar,kudak,F,Ir,zan,K,Ir,mardak,K,Ir,mOdar,D,Ir,padar,G,Ir,hajvOn,B,Ar,mOhi,B,Ir,paranda,C,Ir,sag_0,E,Ir,SabyS,B,Ir,Saparak,E,Ir,mOr,B,Ir,kIrm,I,Ir,daraxt,B,Ir,dZangal,K,Ir,kaltak,O,Ir,meva,B,Ir,t@xm,B,Ir,barg_0,B,Ir,reSa,B,Ir,pust,C,Ir,gl=,A,Ir,alaf,H,Ir,rISta,J,Ir,pUst,B,Ir,guSt,B,Ir,xn=,A,Tk,yst@xOn,B,Ir,ravGan,E,Ir,tx=m,C,Ir,SOx,B,Ir,dm=,B,Ir,par,D,Ir,mUj,C,Ir,kalla,B,Tk,gUS,B,Ir,t_SaSm,C,Ir,binni,D,Ir,dahOn,C,Ir,dandO~n,B,Ir,zabO~n,B,Ir,nOxn=,B,Ir,pO,C,Ir,zOny,D,Ir,dast,B,Ir,qanOt,A,Tk,Skam,E,Ir,gardan,C,Ir,,,,si:na,G,Ir,dil,B,Ir,dZigar,B,Ir,nuSidan,B,Ir,xUrdan,E,Ir,gazidan,F,Ir,makidan,D,Ir,tf=,B,Ir,pf=,G,Ir,nafas,B,Ir,xandidan,C,Ir,didan,B,Ir,guS,J,Ir,fahmidan,D,Ir,fikr,E,Ar,buj,E,Ir,tarsidan,B,Ir,xObraftan,C,Ir,zindagi,H,Ir,m}rdan,B,Ir,kS=tan,B,Ir,m@bOriza,I,Ir,SikOr,F,Ir,zadan,J,Ir,b@ridan,C,Ir,tela,D,Ir,xar,H,Ir,kOftan,B,Ir,Sino,G,Ir,parvOz,C,Ir,raftan,D,Ir,Omadan,B,Ir,xObraftan,C,Ir,SiStan,B,Ir,rOst,B,Ir,t_Sarx,H,Ir,aftidan,H,Ir,dOdan,B,Ir,dOStan,E,Ir,zer,M,Ir,S@Stan,B,Ir,tOz@,L,Ir,kaSidan,B,Ir,partoftan,G,Ir,alOka,M,Ir,duxtan,D,Ir,guftan,G,Ir,S@r}dan,P,Ir,bOzi,C,Ir,x@n@k,I,Ir,OftOb_0,C,Ir,mahtOb_0,C,Ir,sItOra,B,Ir,Ob_0,B,Ir,bOrUn,B,Ir,darjO,B,Ir,kul,B,Tk,bahr,E,Ar,namak,B,Ir,saN,B,Ir,qm=,A,Tk,t_SaN,A,Ir,zamin,C,Ir,abr,C,Ir,tuman,A,Tk,OsmOn,A,Ir,SamOl,B,Ar,barf,B,Ir,jax,B,Ir,dyt,C,Ir,OtaS,A,Tk,xOkIstar,D,Ir,dargirundan,H,Ir,rOh,C,Ir,k}h,C,Ir,s}rx,B,Ir,savz,G,Ir,zard,B,Ir,saf’Id,B,Ir,sijOh,B,Ir,Sab_0,E,Ir,rUz,E,Ir,sOl,B,Ir,tiramOh,C,Ir,garm,D,Ir,x@nyk,C,Ir,pr=,H,Ir,naw,C,Ir,k}hna,A,Ir,naGz,E,Ir,bad_0,E,Ir,p}sidan,L,Ir,t_Sirkin,I,Ir,rOst,H,Ir,daBra,J,Ir,tIz,I,Ir,k}nd_0,E,Ir,hamvOr,T,Ir,tar,N,Ir,x}Sk,D,Ir,dyryst,A,Tk,nazdIk,F,Ir,dr=,E,Ir,rOst,B,Ir,t_Sap,B,Ir,nOm,C,Ir,man,B,Ir,t2,B,Ir,vaj,C,Ir,mO:\,D,Ir,SUmOjOn,D,Ir,OnhO,B,Ir,ki:,B,Ir,t_Si:,F,Ir,kydZO,C,Ir,kaj,D,Ir,t_Sxel,G,Ir,nest,C,Ir,digar,E,Ir
T-Urmetan 4,jak,B,Ir,dy:,B,Ir,se,C,Ir,t_SOr,C,Ir,panZ,B,Ir,bisjOr,F,Ir,bisjOr,K,Ir,,,,Gafs,H,Ir,vazmin,C,Ir,,,,kalta,B,Ir,kalta,P,Ir,bOrik,K,Ir,zanak,J,Ir,mardak,H,Ir,Odam,A,Ar,bat_Sa,G,Ir,zan,K,Ir,mardak,K,Ir,apa,C,Tk,dOdO,H,Ir,hajvO~n,B,Ar,mOhi,B,Ir,,,,kyt_Syk,B,Ir,S@byS,B,Ir,,,,mOr,B,Ir,,,,daraxt,B,Ir,dZangal,K,Ir,assO,R,Ar,meva,B,Ir,,,,,,,reSa,B,Ir,puslOq,B,Ir,gl=,A,Ir,alaf,H,Ir,respOn,G,Ir,pUSt,B,Ir,guSt,B,Ir,xn=,A,Tk,ust@GOn,B,Ir,rawGan,E,Ir,tx=m,C,Ir,SOx,B,Ir,dm=,B,Ir,,,,mU,C,Ir,kalla,B,Tk,gUS,B,Ir,t_SaSm,C,Ir,binni:,D,Ir,dahan,C,Ir,dandO~n,B,Ir,zabO~n,B,Ir,nOxn=,B,Ir,pO,C,Ir,zUna,D,Ir,dast,B,Ir,qanOt,A,Tk,iSkam,E,Ir,gardan,C,Ir,,,,si:na,G,Ir,dil,B,Ir,dZigar,B,Ir,nuSidan,B,Ir,xUrdan,E,Ir,gazidan,F,Ir,makidan,D,Ir,tf=,B,Ir,puf,G,Ir,nafas,B,Ir,xandidan,C,Ir,didan,B,Ir,S@nidan,H,Ir,fahmidan,D,Ir,ujla,A,Tk,bu,E,Ir,tarsidan,B,Ir,xObraftan,C,Ir,zindagi,H,Ir,m}rdan,B,Ir,k}Stan,B,Ir,zUri,J,Ir,SikOr,F,Ir,zadan,J,Ir,b@ridan,C,Ir,tela,D,Ir,GOzidan,L,Ir,kOftan,B,Ir,,,,paridan,B,Ir,raftan,D,Ir,Omadan,B,Ir,xObraftan,C,Ir,SiStan,B,Ir,xEstan,C,Ir,,,,Galtidan,J,Ir,dOdan,B,Ir,dOStan,E,Ir,zer,M,Ir,SStan,B,Ir,tOza,L,Ir,kaSidan,B,Ir,partoftan,G,Ir,bastan,G,Ir,duxtan,D,Ir,guftan,G,Ir,Ser,P,Ir,bOzi,C,Ir,x@n@k,I,Ir,OftOb_0,C,Ir,mahtOb,C,Ir,sItOra,B,Ir,OB,B,Ir,bOrOn,B,Ir,darjO,B,Ir,kul,B,Tk,kul,A,Tk,namak,B,Ir,saN,B,Ir,xOk,E,Ir,t_SaN,A,Ir,zamin,C,Ir,avr,C,Ir,tuman,A,Tk,OsmOn,A,Ir,SamOl,B,Ar,barf,B,Ir,jax,B,Ir,dd=,C,Ir,alOv,C,Ir,xOkIstar,D,Ir,dargirundan,H,Ir,rOh,C,Ir,k}h,C,Ir,s}rx,B,Ir,kab1d,F,Ir,zard,B,Ir,saf’ed,B,Ir,sijOh,B,Ir,Sab_0,E,Ir,rUz,E,Ir,sOl,B,Ir,,,,garm,D,Ir,x@nyk,C,Ir,pr=,H,Ir,naw,C,Ir,k}hna,A,Ir,naGz,E,Ir,ganda,F,Ir,,,,t_Sirkin,I,Ir,rOst,H,Ir,l}nda,F,Ir,tIz_0,I,Ir,k}nd_0,E,Ir,hamvOr,T,Ir,tar,N,Ir,x}Sk,D,Ir,rOst,H,,nazdIk,F,Ir,dr=,E,Ir,rOst,B,Ir,t_Sap,B,Ir,nOm,C,Ir,man,B,Ir,t2,B,Ir,On,B,Ir,mO,D,Ir,SymO,C,Ir,OnhO,B,Ir,ki:,B,Ir,t_Si:,F,Ir,gudZO,C,Ir,kadomvaxt,E,Ir,t_Sxel,G,Ir,n@S@,C,Ir,digar,E,Ir
T-Zarmanak 1,jakta,C,Ir,dutt6,C,Ir,s’eta,D,Ir,t_SOrta,D,Ir,pant_S,B,Ir,kalOn,E,Ir,dur,I,Ir,vas’e,E,Ir,Gul,L,Ir,vazbin,C,Ir,majda,J,Ir,kalta,B,Ir,borik,M,Ir,tunuk,L,Ir,zajif,I,Ir,mard,G,Ir,Odam,A,Ar,bat_Sa,G,Ir,zajif,C,Ar,S}j,I,Ir,Ona,A,Tk,Ota,B,Tk,hajvOn,B,Ar,mahi,B,Ir,paranda,C,Ir,kut_Suk,B,Ir,SubuSk,B,Ir,Sapalak,E,Ir,mOr,B,Ir,kirm,I,Ir,daraxt,B,Ir,}rmOn,A,Tk,tajOq,A,Tk,meva,B,Ir,urux,C,Tk,barG,B,Ir,reSa,B,Ir,p}stlOq,B,Ir,gul,A,Ir,alaf,H,Ir,rEspOn,G,Ir,p}st,B,Ir,g}St,B,Ir,xun,A,Tk,syjak,A,Tk,rUhan,E,Ir,txum,C,Ir,SOx,B,Ir,dum,B,Ir,par,D,Ir,m}j,C,Ir,kalla,B,Tk,g}S,B,Ir,Si:m,C,Ir,bindi,D,Ir,dahan,C,Ir,dandO~n,B,Ir,zubon,B,Ir,nOxun,B,Ir,pOj,C,Ir,zOnU,D,Ir,dast,B,Ir,qanat,A,Tk,iSkam,E,Ir,gardan,C,Ir,puSt,G,Ir,k}krak,B,Tk,dil,B,Ir,dZigar,B,Ir,n}Sidan,B,Ir,x}rdan,E,Ir,gazdan,F,Ir,makidan,D,Ir,t@f,B,Ir,p@f,G,Ir,nafas,B,Ir,xandan,C,Ir,didan,B,Ir,g}S,J,Ir,dOnistan,C,Ir,}jla,A,Tk,b}j,E,Ir,tarsidan,B,Ir,xOraftan,C,Ir,um@r,J,Ir,murdan,B,Ir,kuStan,B,Ir,g@raS,A,Tk,OB,E,Tk,zadan,J,Ir,buridan,C,Ir,tela,D,Ir,xandZOl,J,Ir,kandan,C,Ir,Ob,F,Ir,paridan,B,Ir,raftan,D,Ir,Omdan,B,Ir,xOraftan,C,Ir,SiStan,B,Ir,rOstodan,B,Ir,Gir,K,Ir,aftidan,H,Ir,dodan,B,Ir,dast,E,Ir,qis,A,Tk,S}Stan,B,Ir,pOk,I,Ir,kaSidan,B,Ir,hawO,H,Ir,bastan,G,Ir,d}xtan,D,Ir,guftan,G,Ir,xOndan,M,Ir,bOzi,C,Ir,xunuk,I,Ir,oftob_0,C,Ir,ma,B,Ir,stOra,B,Ir,Ob,B,Ir,bOrOn,B,Ir,dajrO,B,Ir,k}l,B,Tk,deNiz_0,B,Tk,namak,B,Ir,saN,B,Ir,xOk,E,Ir,t_SaN,A,Ir,zamin,C,Ir,bulut,A,Tk,tuman,A,Tk,OspOn,A,Ir,SamOl,B,Ar,barf,B,Ir,jax,B,Ir,dud_0,C,Ir,Olaw,C,Ir,xOkistar,D,Ir,s}xtan,I,Ir,rah,C,Ir,tOG,A,Tk,surx,B,Ir,kab1t,F,Ir,zard_0,B,Ir,safed_0,B,Ir,sijO,B,Ir,Sab_0,E,Ir,r}z,E,Ir,sOl,B,Ir,tiramO,C,Ir,garm,D,Ir,xunuk,C,Ir,pur,H,Ir,naw,C,Ir,k}hna,A,Ir,naGz,E,Ir,ganda,F,Ir,p}sidagi,L,Ir,t_Sirkin,I,Ir,rOst,H,Ir,girda,I,Ir,tez,I,Ir,kund_0,E,Ir,,,,tar,N,Ir,xuSk,D,Ir,t}Gri,B,Tk,nazik,F,Ir,dur,E,Ir,rOst,B,Ir,t_Sap,B,Ir,nOm,C,Ir,man,B,Ir,,,,vaj,C,Ir,mOhO,E,Ir,SumO,C,Ir,uno,D,Ir,ki:,B,Ir,t_Si:,F,Ir,gidZoba,E,Ir,kaj,D,Ir,t_S=t@,H,Ir,ne,B,Ir,digiS,E,Ir
T-Zarmanak 2,jak,B,Ir,du,B,Ir,s’e,C,Ir,t_SOr,C,Ir,pant_S,B,Ir,kalOn,E,Ir,dur,I,Ir,s’erbar,L,Ir,Gavs,H,Ir,vazbin,C,Ir,majda,J,Ir,kalta,B,Ir,kambar,Q,Ir,xarOb_0,N,Ir,zan,G,Ir,mard_0,G,Ir,Odam,A,Ar,bat_Sa,G,Ir,zan,K,Ir,S}j,I,Ir,Ona,A,Tk,Ota,B,Tk,hajvOn,B,Ar,mahi,B,Ir,t_Sumt_Suq,B,Tk,kut_Suk,B,Ir,SubuSk,B,Ir,kapalak,A,Tk,mOr,B,Ir,krIm,I,Ir,daraxt,B,Ir,}rmOn,A,Tk,t_S}p,F,Ir,meva,B,Ir,tuxum,B,Ir,barg_0,B,Ir,ild1z_0,D,Tk,p}st,C,Ir,gul,A,Ir,alaf,H,Ir,respOn,G,Ir,p}st,B,Ir,g}St,B,Ir,xun,A,Tk,ustaxOn,B,Ir,ryxan,E,Ir,txum,C,Ir,SOx,B,Ir,dum,B,Ir,pat,D,Ir,m}j,C,Ir,sar,C,Ir,g}S,B,Ir,t_SaS@m,C,Ir,bindi,D,Ir,dahan,C,Ir,dandO~n,B,Ir,zubO~n,B,Ir,nuxun,B,Ir,pOj,C,Ir,budZulak,E,Ir,dast,B,Ir,qanat,A,Tk,iSkam,E,Ir,gardan,C,Ir,taxtapySt,H,Ir,,,,dil,B,Ir,dZigar,B,Ir,n}Stan,B,Ir,x}rdan,E,Ir,gazdan,F,Ir,makidan,D,Ir,tuf,B,Ir,pf,G,Ir,nafas,B,Ir,xanda,C,Ir,didan,B,Ir,famdan,G,Ir,dOnistan,C,Ir,}jla,A,Tk,b}j,E,Ir,tarsidan,B,Ir,xOraftan,C,Ir,zindagi,H,Ir,mUrdan,B,Ir,kuStan,B,Ir,kuraS,A,Tk,SkOr,F,Ir,zadan,J,Ir,buridan,C,Ir,tela,D,Ir,xandZOl,J,Ir,kOftan,B,Ir,Ob,F,Ir,paridan,B,Ir,raftan,D,Ir,Omdan,B,Ir,xOraftan,C,Ir,SIStan,B,Ir,rOst,B,Ir,gir,K,Ir,Galtidan,J,Ir,dodan,B,Ir,dast,E,Ir,qis,A,Tk,S}Stan,B,Ir,pOk,I,Ir,kaSidan,B,Ir,hawO,H,Ir,bastan,G,Ir,d}xtan,D,Ir,gap,G,Ir,xOndan,M,Ir,bOzi,C,Ir,xunuk,I,Ir,oftob,C,Ir,ma:,B,Ir,jilduz_0,A,Tk,Ob_0,B,Ir,bOrOn,B,Ir,darjO,B,Ir,k}l,B,Tk,deNiz_0,B,Tk,namak,B,Ir,saN,B,Ir,xOk,E,Ir,t_SaN,A,Ir,zamin,C,Ir,bulut,A,Tk,tuman,A,Tk,OsmOn,A,Ir,samOl,B,Ar,barf ,B,Ir,jax,B,Ir,dud_0,C,Ir,Olaw,C,Ir,xOkistar,D,Ir,grOndan,H,Ir,ra:,C,Ir,tOG_0,A,Tk,surx,B,Ir,,,,zard_0,B,Ir,safed_0,B,Ir,sijO:\,B,Ir,Sab_0,E,Ir,r}z,E,Ir,sOl,B,Ir,tiramO,C,Ir,garm,D,Ir,xunuk,C,Ir,pur,H,Ir,naw,C,Ir,k}jna,A,Ir,naGz,E,Ir,ganda,F,Ir,p}sdagi,L,Ir,t_Sirkin,I,Ir,t}Gri,B,Tk,girda,I,Ir,tez_0,I,Ir,kund_0,E,Ir,sill@q,F,Tk,tar,N,Ir,xuSk,D,Ir,t}Gri,B,Tk,nazik,F,Ir,dur,E,Ir,rOst,B,Ir,t_Sap,B,Ir,nOm,C,Ir,man,B,Ir,tu,B,Ir,vaj,C,Ir,mO:,D,Ir,SumO,C,Ir,unO,D,Ir,ki,B,Ir,t_Si,F,Ir,gudZOba,E,Ir,kaj,D,Ir,t_S=t@,H,Ir,ne,B,Ir,diga,E,Ir
